2025-05-06 07:34:13 INFO  Utils:112 - [Utils] MethodGroupsHelper.collectMethodsByGroup() took 1 ms.
2025-05-06 07:34:13 INFO  Utils:112 - [Utils] MethodGroupsHelper.sortMethods() took 2 ms.
2025-05-06 07:34:13 INFO  Utils:112 - [Utils] MethodGroupsHelper.collectMethodsByGroup() took 0 ms.
2025-05-06 07:34:13 INFO  Utils:112 - [Utils] MethodGroupsHelper.sortMethods() took 0 ms.
2025-05-06 07:34:13 INFO  Utils:112 - [Utils] MethodGroupsHelper.collectMethodsByGroup() took 0 ms.
2025-05-06 07:34:13 INFO  Utils:112 - [Utils] MethodGroupsHelper.sortMethods() took 0 ms.
2025-05-06 07:34:13 INFO  Utils:112 - [Utils] MethodGroupsHelper.collectMethodsByGroup() took 0 ms.
2025-05-06 07:34:13 INFO  Utils:112 - [Utils] MethodGroupsHelper.sortMethods() took 0 ms.
2025-05-06 07:34:13 INFO  Utils:112 - [Utils] MethodGroupsHelper.collectMethodsByGroup() took 9 ms.
2025-05-06 07:34:13 INFO  Utils:112 - [Utils] MethodGroupsHelper.sortMethods() took 14 ms.
2025-05-06 07:34:13 INFO  Utils:112 - [Utils] MethodGroupsHelper.collectMethodsByGroup() took 0 ms.
2025-05-06 07:34:13 INFO  Utils:112 - [Utils] MethodGroupsHelper.sortMethods() took 0 ms.
2025-05-06 07:34:13 INFO  Utils:112 - [Utils] MethodGroupsHelper.collectMethodsByGroup() took 0 ms.
2025-05-06 07:34:13 INFO  Utils:112 - [Utils] MethodGroupsHelper.sortMethods() took 0 ms.
2025-05-06 07:34:13 INFO  Utils:112 - [Utils] MethodGroupsHelper.collectMethodsByGroup() took 0 ms.
2025-05-06 07:34:13 INFO  Utils:112 - [Utils] MethodGroupsHelper.sortMethods() took 0 ms.
2025-05-06 07:34:13 INFO  Utils:112 - [Utils] MethodGroupsHelper.collectMethodsByGroup() took 0 ms.
2025-05-06 07:34:13 INFO  Utils:112 - [Utils] MethodGroupsHelper.sortMethods() took 0 ms.
2025-05-06 07:34:13 INFO  Utils:112 - [Utils] MethodGroupsHelper.collectMethodsByGroup() took 0 ms.
2025-05-06 07:34:13 INFO  Utils:112 - [Utils] MethodGroupsHelper.sortMethods() took 0 ms.
2025-05-06 07:34:13 INFO  Utils:112 - [Utils] MethodGroupsHelper.collectMethodsByGroup() took 0 ms.
2025-05-06 07:34:13 INFO  Utils:112 - [Utils] MethodGroupsHelper.sortMethods() took 0 ms.
2025-05-06 07:34:13 INFO  Utils:112 - [Utils] MethodGroupsHelper.collectMethodsByGroup() took 0 ms.
2025-05-06 07:34:13 INFO  Utils:112 - [Utils] MethodGroupsHelper.sortMethods() took 0 ms.
2025-05-06 07:34:13 INFO  Utils:112 - [Utils] MethodGroupsHelper.collectMethodsByGroup() took 0 ms.
2025-05-06 07:34:13 INFO  Utils:112 - [Utils] MethodGroupsHelper.sortMethods() took 2 ms.
2025-05-06 07:34:13 INFO  Utils:112 - [Utils] MethodGroupsHelper.collectMethodsByGroup() took 0 ms.
2025-05-06 07:34:13 INFO  Utils:112 - [Utils] MethodGroupsHelper.sortMethods() took 0 ms.
2025-05-06 07:34:13 INFO  Utils:112 - [Utils] MethodGroupsHelper.collectMethodsByGroup() took 0 ms.
2025-05-06 07:34:13 INFO  Utils:112 - [Utils] MethodGroupsHelper.sortMethods() took 0 ms.
2025-05-06 07:34:13 INFO  Utils:112 - [TestNG] Running:
  C:\Users\Jim\AppData\Local\Temp\testng-eclipse-716760470\testng-customsuite.xml

2025-05-06 07:34:13 INFO  Utils:112 - [Utils] DynamicGraphHelper.createDynamicGraph() took 6 ms.
2025-05-06 07:34:25 INFO  Utils:112 - [TestNG] Time taken by org.testng.reporters.SuiteHTMLReporter@48bfb884: 147 ms
2025-05-06 07:34:25 INFO  Utils:112 - [TestNG] Time taken by org.testng.reporters.jq.Main@6edc4161: 153 ms
2025-05-06 07:34:25 INFO  Utils:112 - [TestNG] Time taken by org.testng.reporters.FailedReporter@9a7a808: 28 ms
2025-05-06 07:34:25 INFO  Utils:112 - [TestNG] Time taken by org.testng.reporters.XMLReporter@16c3ca31: 14 ms
2025-05-06 07:34:25 INFO  Utils:112 - [TestNG] Time taken by org.testng.reporters.EmailableReporter2@31e32ea2: 10 ms
2025-05-06 07:34:25 INFO  Utils:112 - [TestNG] Time taken by org.testng.reporters.JUnitReportReporter@33abde31: 15 ms
2025-05-06 07:34:25 INFO  Utils:112 - [TestNG] Time taken by org.testng.internal.ExitCodeListener@997d532: 0 ms
2025-05-06 12:23:00 INFO  Utils:112 - [Utils] MethodGroupsHelper.collectMethodsByGroup() took 0 ms.
2025-05-06 12:23:00 INFO  Utils:112 - [Utils] MethodGroupsHelper.sortMethods() took 2 ms.
2025-05-06 12:23:00 INFO  Utils:112 - [Utils] MethodGroupsHelper.collectMethodsByGroup() took 0 ms.
2025-05-06 12:23:00 INFO  Utils:112 - [Utils] MethodGroupsHelper.sortMethods() took 0 ms.
2025-05-06 12:23:00 INFO  Utils:112 - [Utils] MethodGroupsHelper.collectMethodsByGroup() took 0 ms.
2025-05-06 12:23:00 INFO  Utils:112 - [Utils] MethodGroupsHelper.sortMethods() took 0 ms.
2025-05-06 12:23:00 INFO  Utils:112 - [Utils] MethodGroupsHelper.collectMethodsByGroup() took 0 ms.
2025-05-06 12:23:00 INFO  Utils:112 - [Utils] MethodGroupsHelper.sortMethods() took 0 ms.
2025-05-06 12:23:00 INFO  Utils:112 - [Utils] MethodGroupsHelper.collectMethodsByGroup() took 6 ms.
2025-05-06 12:23:00 INFO  Utils:112 - [Utils] MethodGroupsHelper.sortMethods() took 7 ms.
2025-05-06 12:23:00 INFO  Utils:112 - [Utils] MethodGroupsHelper.collectMethodsByGroup() took 0 ms.
2025-05-06 12:23:00 INFO  Utils:112 - [Utils] MethodGroupsHelper.sortMethods() took 0 ms.
2025-05-06 12:23:00 INFO  Utils:112 - [Utils] MethodGroupsHelper.collectMethodsByGroup() took 0 ms.
2025-05-06 12:23:00 INFO  Utils:112 - [Utils] MethodGroupsHelper.sortMethods() took 0 ms.
2025-05-06 12:23:00 INFO  Utils:112 - [Utils] MethodGroupsHelper.collectMethodsByGroup() took 0 ms.
2025-05-06 12:23:00 INFO  Utils:112 - [Utils] MethodGroupsHelper.sortMethods() took 0 ms.
2025-05-06 12:23:00 INFO  Utils:112 - [Utils] MethodGroupsHelper.collectMethodsByGroup() took 0 ms.
2025-05-06 12:23:00 INFO  Utils:112 - [Utils] MethodGroupsHelper.sortMethods() took 0 ms.
2025-05-06 12:23:00 INFO  Utils:112 - [Utils] MethodGroupsHelper.collectMethodsByGroup() took 0 ms.
2025-05-06 12:23:00 INFO  Utils:112 - [Utils] MethodGroupsHelper.sortMethods() took 0 ms.
2025-05-06 12:23:00 INFO  Utils:112 - [Utils] MethodGroupsHelper.collectMethodsByGroup() took 0 ms.
2025-05-06 12:23:00 INFO  Utils:112 - [Utils] MethodGroupsHelper.sortMethods() took 0 ms.
2025-05-06 12:23:00 INFO  Utils:112 - [Utils] MethodGroupsHelper.collectMethodsByGroup() took 0 ms.
2025-05-06 12:23:00 INFO  Utils:112 - [Utils] MethodGroupsHelper.sortMethods() took 0 ms.
2025-05-06 12:23:00 INFO  Utils:112 - [Utils] MethodGroupsHelper.collectMethodsByGroup() took 1 ms.
2025-05-06 12:23:00 INFO  Utils:112 - [Utils] MethodGroupsHelper.sortMethods() took 1 ms.
2025-05-06 12:23:00 INFO  Utils:112 - [Utils] MethodGroupsHelper.collectMethodsByGroup() took 0 ms.
2025-05-06 12:23:00 INFO  Utils:112 - [Utils] MethodGroupsHelper.sortMethods() took 0 ms.
2025-05-06 12:23:00 INFO  Utils:112 - [Utils] MethodGroupsHelper.collectMethodsByGroup() took 0 ms.
2025-05-06 12:23:00 INFO  Utils:112 - [Utils] MethodGroupsHelper.sortMethods() took 0 ms.
2025-05-06 12:23:00 INFO  Utils:112 - [TestNG] Running:
  C:\Users\Jim\AppData\Local\Temp\testng-eclipse-85226143\testng-customsuite.xml

2025-05-06 12:23:00 INFO  Utils:112 - [Utils] DynamicGraphHelper.createDynamicGraph() took 4 ms.
2025-05-06 12:23:03 INFO  Utils:112 - [TestNG] Time taken by org.testng.reporters.SuiteHTMLReporter@265c5d69: 42 ms
2025-05-06 12:23:03 INFO  Utils:112 - [TestNG] Time taken by org.testng.reporters.jq.Main@6f8d7714: 72 ms
2025-05-06 12:23:03 INFO  Utils:112 - [TestNG] Time taken by org.testng.reporters.FailedReporter@4f449e8f: 22 ms
2025-05-06 12:23:03 INFO  Utils:112 - [TestNG] Time taken by org.testng.reporters.XMLReporter@23eee4b8: 20 ms
2025-05-06 12:23:03 INFO  Utils:112 - [TestNG] Time taken by org.testng.reporters.EmailableReporter2@34237b90: 13 ms
2025-05-06 12:23:03 INFO  Utils:112 - [TestNG] Time taken by org.testng.reporters.JUnitReportReporter@5a4c638d: 15 ms
2025-05-06 12:23:03 INFO  Utils:112 - [TestNG] Time taken by org.testng.internal.ExitCodeListener@13e698c7: 0 ms
2025-05-06 12:30:00 INFO  Utils:112 - [Utils] MethodGroupsHelper.collectMethodsByGroup() took 2 ms.
2025-05-06 12:30:00 INFO  Utils:112 - [Utils] MethodGroupsHelper.sortMethods() took 2 ms.
2025-05-06 12:30:00 INFO  Utils:112 - [Utils] MethodGroupsHelper.collectMethodsByGroup() took 0 ms.
2025-05-06 12:30:00 INFO  Utils:112 - [Utils] MethodGroupsHelper.sortMethods() took 0 ms.
2025-05-06 12:30:00 INFO  Utils:112 - [Utils] MethodGroupsHelper.collectMethodsByGroup() took 0 ms.
2025-05-06 12:30:00 INFO  Utils:112 - [Utils] MethodGroupsHelper.sortMethods() took 0 ms.
2025-05-06 12:30:00 INFO  Utils:112 - [Utils] MethodGroupsHelper.collectMethodsByGroup() took 0 ms.
2025-05-06 12:30:00 INFO  Utils:112 - [Utils] MethodGroupsHelper.sortMethods() took 0 ms.
2025-05-06 12:30:00 INFO  Utils:112 - [Utils] MethodGroupsHelper.collectMethodsByGroup() took 8 ms.
2025-05-06 12:30:00 INFO  Utils:112 - [Utils] MethodGroupsHelper.sortMethods() took 12 ms.
2025-05-06 12:30:00 INFO  Utils:112 - [Utils] MethodGroupsHelper.collectMethodsByGroup() took 0 ms.
2025-05-06 12:30:00 INFO  Utils:112 - [Utils] MethodGroupsHelper.sortMethods() took 0 ms.
2025-05-06 12:30:00 INFO  Utils:112 - [Utils] MethodGroupsHelper.collectMethodsByGroup() took 0 ms.
2025-05-06 12:30:00 INFO  Utils:112 - [Utils] MethodGroupsHelper.sortMethods() took 0 ms.
2025-05-06 12:30:00 INFO  Utils:112 - [Utils] MethodGroupsHelper.collectMethodsByGroup() took 0 ms.
2025-05-06 12:30:00 INFO  Utils:112 - [Utils] MethodGroupsHelper.sortMethods() took 0 ms.
2025-05-06 12:30:00 INFO  Utils:112 - [Utils] MethodGroupsHelper.collectMethodsByGroup() took 0 ms.
2025-05-06 12:30:00 INFO  Utils:112 - [Utils] MethodGroupsHelper.sortMethods() took 0 ms.
2025-05-06 12:30:00 INFO  Utils:112 - [Utils] MethodGroupsHelper.collectMethodsByGroup() took 0 ms.
2025-05-06 12:30:00 INFO  Utils:112 - [Utils] MethodGroupsHelper.sortMethods() took 0 ms.
2025-05-06 12:30:00 INFO  Utils:112 - [Utils] MethodGroupsHelper.collectMethodsByGroup() took 0 ms.
2025-05-06 12:30:00 INFO  Utils:112 - [Utils] MethodGroupsHelper.sortMethods() took 0 ms.
2025-05-06 12:30:00 INFO  Utils:112 - [Utils] MethodGroupsHelper.collectMethodsByGroup() took 0 ms.
2025-05-06 12:30:00 INFO  Utils:112 - [Utils] MethodGroupsHelper.sortMethods() took 0 ms.
2025-05-06 12:30:00 INFO  Utils:112 - [Utils] MethodGroupsHelper.collectMethodsByGroup() took 1 ms.
2025-05-06 12:30:00 INFO  Utils:112 - [Utils] MethodGroupsHelper.sortMethods() took 1 ms.
2025-05-06 12:30:00 INFO  Utils:112 - [Utils] MethodGroupsHelper.collectMethodsByGroup() took 0 ms.
2025-05-06 12:30:00 INFO  Utils:112 - [Utils] MethodGroupsHelper.sortMethods() took 0 ms.
2025-05-06 12:30:00 INFO  Utils:112 - [Utils] MethodGroupsHelper.collectMethodsByGroup() took 0 ms.
2025-05-06 12:30:00 INFO  Utils:112 - [Utils] MethodGroupsHelper.sortMethods() took 0 ms.
2025-05-06 12:30:00 INFO  Utils:112 - [TestNG] Running:
  C:\Users\Jim\AppData\Local\Temp\testng-eclipse-1813101684\testng-customsuite.xml

2025-05-06 12:30:00 INFO  Utils:112 - [Utils] DynamicGraphHelper.createDynamicGraph() took 4 ms.
2025-05-06 12:30:07 INFO  Utils:112 - [TestNG] Time taken by org.testng.reporters.SuiteHTMLReporter@2d0bfb24: 37 ms
2025-05-06 12:30:08 INFO  Utils:112 - [TestNG] Time taken by org.testng.reporters.jq.Main@18a645fd: 85 ms
2025-05-06 12:30:08 INFO  Utils:112 - [TestNG] Time taken by org.testng.reporters.FailedReporter@5486887b: 16 ms
2025-05-06 12:30:08 INFO  Utils:112 - [TestNG] Time taken by org.testng.reporters.XMLReporter@2abc224d: 0 ms
2025-05-06 12:30:08 INFO  Utils:112 - [TestNG] Time taken by org.testng.reporters.EmailableReporter2@4650a407: 20 ms
2025-05-06 12:30:08 INFO  Utils:112 - [TestNG] Time taken by org.testng.reporters.JUnitReportReporter@245a060f: 12 ms
2025-05-06 12:30:08 INFO  Utils:112 - [TestNG] Time taken by org.testng.internal.ExitCodeListener@6edaa77a: 0 ms
2025-05-06 12:43:48 INFO  Utils:112 - [Utils] MethodGroupsHelper.collectMethodsByGroup() took 0 ms.
2025-05-06 12:43:48 INFO  Utils:112 - [Utils] MethodGroupsHelper.sortMethods() took 0 ms.
2025-05-06 12:43:48 INFO  Utils:112 - [Utils] MethodGroupsHelper.collectMethodsByGroup() took 0 ms.
2025-05-06 12:43:48 INFO  Utils:112 - [Utils] MethodGroupsHelper.sortMethods() took 0 ms.
2025-05-06 12:43:48 INFO  Utils:112 - [Utils] MethodGroupsHelper.collectMethodsByGroup() took 0 ms.
2025-05-06 12:43:48 INFO  Utils:112 - [Utils] MethodGroupsHelper.sortMethods() took 0 ms.
2025-05-06 12:43:48 INFO  Utils:112 - [Utils] MethodGroupsHelper.collectMethodsByGroup() took 0 ms.
2025-05-06 12:43:48 INFO  Utils:112 - [Utils] MethodGroupsHelper.sortMethods() took 0 ms.
2025-05-06 12:43:48 INFO  Utils:112 - [Utils] MethodGroupsHelper.collectMethodsByGroup() took 9 ms.
2025-05-06 12:43:48 INFO  Utils:112 - [Utils] MethodGroupsHelper.sortMethods() took 10 ms.
2025-05-06 12:43:48 INFO  Utils:112 - [Utils] MethodGroupsHelper.collectMethodsByGroup() took 0 ms.
2025-05-06 12:43:48 INFO  Utils:112 - [Utils] MethodGroupsHelper.sortMethods() took 0 ms.
2025-05-06 12:43:48 INFO  Utils:112 - [Utils] MethodGroupsHelper.collectMethodsByGroup() took 0 ms.
2025-05-06 12:43:48 INFO  Utils:112 - [Utils] MethodGroupsHelper.sortMethods() took 0 ms.
2025-05-06 12:43:48 INFO  Utils:112 - [Utils] MethodGroupsHelper.collectMethodsByGroup() took 0 ms.
2025-05-06 12:43:48 INFO  Utils:112 - [Utils] MethodGroupsHelper.sortMethods() took 0 ms.
2025-05-06 12:43:48 INFO  Utils:112 - [Utils] MethodGroupsHelper.collectMethodsByGroup() took 0 ms.
2025-05-06 12:43:48 INFO  Utils:112 - [Utils] MethodGroupsHelper.sortMethods() took 0 ms.
2025-05-06 12:43:48 INFO  Utils:112 - [Utils] MethodGroupsHelper.collectMethodsByGroup() took 0 ms.
2025-05-06 12:43:48 INFO  Utils:112 - [Utils] MethodGroupsHelper.sortMethods() took 0 ms.
2025-05-06 12:43:48 INFO  Utils:112 - [Utils] MethodGroupsHelper.collectMethodsByGroup() took 0 ms.
2025-05-06 12:43:48 INFO  Utils:112 - [Utils] MethodGroupsHelper.sortMethods() took 0 ms.
2025-05-06 12:43:48 INFO  Utils:112 - [Utils] MethodGroupsHelper.collectMethodsByGroup() took 0 ms.
2025-05-06 12:43:48 INFO  Utils:112 - [Utils] MethodGroupsHelper.sortMethods() took 0 ms.
2025-05-06 12:43:48 INFO  Utils:112 - [Utils] MethodGroupsHelper.collectMethodsByGroup() took 0 ms.
2025-05-06 12:43:48 INFO  Utils:112 - [Utils] MethodGroupsHelper.sortMethods() took 1 ms.
2025-05-06 12:43:48 INFO  Utils:112 - [Utils] MethodGroupsHelper.collectMethodsByGroup() took 0 ms.
2025-05-06 12:43:48 INFO  Utils:112 - [Utils] MethodGroupsHelper.sortMethods() took 0 ms.
2025-05-06 12:43:48 INFO  Utils:112 - [Utils] MethodGroupsHelper.collectMethodsByGroup() took 0 ms.
2025-05-06 12:43:48 INFO  Utils:112 - [Utils] MethodGroupsHelper.sortMethods() took 0 ms.
2025-05-06 12:43:48 INFO  Utils:112 - [TestNG] Running:
  C:\Users\Jim\AppData\Local\Temp\testng-eclipse--577735083\testng-customsuite.xml

2025-05-06 12:43:48 INFO  Utils:112 - [Utils] DynamicGraphHelper.createDynamicGraph() took 6 ms.
2025-05-06 12:44:15 INFO  Utils:112 - [TestNG] Time taken by org.testng.reporters.SuiteHTMLReporter@5ffc5491: 32 ms
2025-05-06 12:44:15 INFO  Utils:112 - [TestNG] Time taken by org.testng.reporters.jq.Main@2375b321: 67 ms
2025-05-06 12:44:15 INFO  Utils:112 - [TestNG] Time taken by org.testng.reporters.FailedReporter@4159e81b: 13 ms
2025-05-06 12:44:15 INFO  Utils:112 - [TestNG] Time taken by org.testng.reporters.XMLReporter@759d81f3: 18 ms
2025-05-06 12:44:15 INFO  Utils:112 - [TestNG] Time taken by org.testng.reporters.EmailableReporter2@e8fadb0: 14 ms
2025-05-06 12:44:15 INFO  Utils:112 - [TestNG] Time taken by org.testng.reporters.JUnitReportReporter@3bc735b3: 11 ms
2025-05-06 12:44:15 INFO  Utils:112 - [TestNG] Time taken by org.testng.internal.ExitCodeListener@577f9109: 0 ms
2025-05-06 12:47:08 INFO  Utils:112 - [Utils] MethodGroupsHelper.collectMethodsByGroup() took 0 ms.
2025-05-06 12:47:08 INFO  Utils:112 - [Utils] MethodGroupsHelper.sortMethods() took 2 ms.
2025-05-06 12:47:08 INFO  Utils:112 - [Utils] MethodGroupsHelper.collectMethodsByGroup() took 0 ms.
2025-05-06 12:47:08 INFO  Utils:112 - [Utils] MethodGroupsHelper.sortMethods() took 0 ms.
2025-05-06 12:47:08 INFO  Utils:112 - [Utils] MethodGroupsHelper.collectMethodsByGroup() took 0 ms.
2025-05-06 12:47:08 INFO  Utils:112 - [Utils] MethodGroupsHelper.sortMethods() took 0 ms.
2025-05-06 12:47:08 INFO  Utils:112 - [Utils] MethodGroupsHelper.collectMethodsByGroup() took 0 ms.
2025-05-06 12:47:08 INFO  Utils:112 - [Utils] MethodGroupsHelper.sortMethods() took 0 ms.
2025-05-06 12:47:08 INFO  Utils:112 - [Utils] MethodGroupsHelper.collectMethodsByGroup() took 7 ms.
2025-05-06 12:47:08 INFO  Utils:112 - [Utils] MethodGroupsHelper.sortMethods() took 10 ms.
2025-05-06 12:47:08 INFO  Utils:112 - [Utils] MethodGroupsHelper.collectMethodsByGroup() took 0 ms.
2025-05-06 12:47:08 INFO  Utils:112 - [Utils] MethodGroupsHelper.sortMethods() took 0 ms.
2025-05-06 12:47:08 INFO  Utils:112 - [Utils] MethodGroupsHelper.collectMethodsByGroup() took 0 ms.
2025-05-06 12:47:08 INFO  Utils:112 - [Utils] MethodGroupsHelper.sortMethods() took 0 ms.
2025-05-06 12:47:08 INFO  Utils:112 - [Utils] MethodGroupsHelper.collectMethodsByGroup() took 0 ms.
2025-05-06 12:47:08 INFO  Utils:112 - [Utils] MethodGroupsHelper.sortMethods() took 0 ms.
2025-05-06 12:47:08 INFO  Utils:112 - [Utils] MethodGroupsHelper.collectMethodsByGroup() took 0 ms.
2025-05-06 12:47:08 INFO  Utils:112 - [Utils] MethodGroupsHelper.sortMethods() took 0 ms.
2025-05-06 12:47:08 INFO  Utils:112 - [Utils] MethodGroupsHelper.collectMethodsByGroup() took 0 ms.
2025-05-06 12:47:08 INFO  Utils:112 - [Utils] MethodGroupsHelper.sortMethods() took 0 ms.
2025-05-06 12:47:08 INFO  Utils:112 - [Utils] MethodGroupsHelper.collectMethodsByGroup() took 0 ms.
2025-05-06 12:47:08 INFO  Utils:112 - [Utils] MethodGroupsHelper.sortMethods() took 0 ms.
2025-05-06 12:47:08 INFO  Utils:112 - [Utils] MethodGroupsHelper.collectMethodsByGroup() took 0 ms.
2025-05-06 12:47:08 INFO  Utils:112 - [Utils] MethodGroupsHelper.sortMethods() took 0 ms.
2025-05-06 12:47:08 INFO  Utils:112 - [Utils] MethodGroupsHelper.collectMethodsByGroup() took 1 ms.
2025-05-06 12:47:08 INFO  Utils:112 - [Utils] MethodGroupsHelper.sortMethods() took 1 ms.
2025-05-06 12:47:08 INFO  Utils:112 - [Utils] MethodGroupsHelper.collectMethodsByGroup() took 0 ms.
2025-05-06 12:47:08 INFO  Utils:112 - [Utils] MethodGroupsHelper.sortMethods() took 0 ms.
2025-05-06 12:47:08 INFO  Utils:112 - [Utils] MethodGroupsHelper.collectMethodsByGroup() took 0 ms.
2025-05-06 12:47:08 INFO  Utils:112 - [Utils] MethodGroupsHelper.sortMethods() took 0 ms.
2025-05-06 12:47:08 INFO  Utils:112 - [TestNG] Running:
  C:\Users\Jim\AppData\Local\Temp\testng-eclipse--581907669\testng-customsuite.xml

2025-05-06 12:47:08 INFO  Utils:112 - [Utils] DynamicGraphHelper.createDynamicGraph() took 3 ms.
2025-05-06 12:47:21 INFO  Utils:112 - [TestNG] Time taken by org.testng.reporters.SuiteHTMLReporter@4905c46b: 26 ms
2025-05-06 12:47:21 INFO  Utils:112 - [TestNG] Time taken by org.testng.reporters.jq.Main@6872f9c8: 84 ms
2025-05-06 12:47:21 INFO  Utils:112 - [TestNG] Time taken by org.testng.reporters.FailedReporter@1ddd3478: 17 ms
2025-05-06 12:47:21 INFO  Utils:112 - [TestNG] Time taken by org.testng.reporters.XMLReporter@18324f97: 0 ms
2025-05-06 12:47:21 INFO  Utils:112 - [TestNG] Time taken by org.testng.reporters.EmailableReporter2@79767781: 10 ms
2025-05-06 12:47:21 INFO  Utils:112 - [TestNG] Time taken by org.testng.reporters.JUnitReportReporter@2d195ee4: 10 ms
2025-05-06 12:47:21 INFO  Utils:112 - [TestNG] Time taken by org.testng.internal.ExitCodeListener@2d6aca33: 0 ms
2025-05-06 13:06:44 INFO  Utils:112 - [Utils] MethodGroupsHelper.collectMethodsByGroup() took 0 ms.
2025-05-06 13:06:44 INFO  Utils:112 - [Utils] MethodGroupsHelper.sortMethods() took 1 ms.
2025-05-06 13:06:44 INFO  Utils:112 - [Utils] MethodGroupsHelper.collectMethodsByGroup() took 0 ms.
2025-05-06 13:06:44 INFO  Utils:112 - [Utils] MethodGroupsHelper.sortMethods() took 0 ms.
2025-05-06 13:06:44 INFO  Utils:112 - [Utils] MethodGroupsHelper.collectMethodsByGroup() took 0 ms.
2025-05-06 13:06:44 INFO  Utils:112 - [Utils] MethodGroupsHelper.sortMethods() took 0 ms.
2025-05-06 13:06:44 INFO  Utils:112 - [Utils] MethodGroupsHelper.collectMethodsByGroup() took 0 ms.
2025-05-06 13:06:44 INFO  Utils:112 - [Utils] MethodGroupsHelper.sortMethods() took 0 ms.
2025-05-06 13:06:44 INFO  Utils:112 - [Utils] MethodGroupsHelper.collectMethodsByGroup() took 5 ms.
2025-05-06 13:06:44 INFO  Utils:112 - [Utils] MethodGroupsHelper.sortMethods() took 10 ms.
2025-05-06 13:06:44 INFO  Utils:112 - [Utils] MethodGroupsHelper.collectMethodsByGroup() took 0 ms.
2025-05-06 13:06:44 INFO  Utils:112 - [Utils] MethodGroupsHelper.sortMethods() took 0 ms.
2025-05-06 13:06:44 INFO  Utils:112 - [Utils] MethodGroupsHelper.collectMethodsByGroup() took 0 ms.
2025-05-06 13:06:44 INFO  Utils:112 - [Utils] MethodGroupsHelper.sortMethods() took 0 ms.
2025-05-06 13:06:44 INFO  Utils:112 - [Utils] MethodGroupsHelper.collectMethodsByGroup() took 0 ms.
2025-05-06 13:06:44 INFO  Utils:112 - [Utils] MethodGroupsHelper.sortMethods() took 0 ms.
2025-05-06 13:06:44 INFO  Utils:112 - [Utils] MethodGroupsHelper.collectMethodsByGroup() took 0 ms.
2025-05-06 13:06:44 INFO  Utils:112 - [Utils] MethodGroupsHelper.sortMethods() took 0 ms.
2025-05-06 13:06:44 INFO  Utils:112 - [Utils] MethodGroupsHelper.collectMethodsByGroup() took 0 ms.
2025-05-06 13:06:44 INFO  Utils:112 - [Utils] MethodGroupsHelper.sortMethods() took 0 ms.
2025-05-06 13:06:44 INFO  Utils:112 - [Utils] MethodGroupsHelper.collectMethodsByGroup() took 0 ms.
2025-05-06 13:06:44 INFO  Utils:112 - [Utils] MethodGroupsHelper.sortMethods() took 0 ms.
2025-05-06 13:06:44 INFO  Utils:112 - [Utils] MethodGroupsHelper.collectMethodsByGroup() took 0 ms.
2025-05-06 13:06:44 INFO  Utils:112 - [Utils] MethodGroupsHelper.sortMethods() took 0 ms.
2025-05-06 13:06:44 INFO  Utils:112 - [Utils] MethodGroupsHelper.collectMethodsByGroup() took 0 ms.
2025-05-06 13:06:44 INFO  Utils:112 - [Utils] MethodGroupsHelper.sortMethods() took 1 ms.
2025-05-06 13:06:44 INFO  Utils:112 - [Utils] MethodGroupsHelper.collectMethodsByGroup() took 0 ms.
2025-05-06 13:06:44 INFO  Utils:112 - [Utils] MethodGroupsHelper.sortMethods() took 0 ms.
2025-05-06 13:06:44 INFO  Utils:112 - [Utils] MethodGroupsHelper.collectMethodsByGroup() took 0 ms.
2025-05-06 13:06:44 INFO  Utils:112 - [Utils] MethodGroupsHelper.sortMethods() took 0 ms.
2025-05-06 13:06:44 INFO  Utils:112 - [TestNG] Running:
  C:\Users\Jim\AppData\Local\Temp\testng-eclipse-1887716135\testng-customsuite.xml

2025-05-06 13:06:44 INFO  Utils:112 - [Utils] DynamicGraphHelper.createDynamicGraph() took 4 ms.
2025-05-06 13:06:50 INFO  Utils:112 - [TestNG] Time taken by org.testng.reporters.SuiteHTMLReporter@6579c3d9: 30 ms
2025-05-06 13:06:50 INFO  Utils:112 - [TestNG] Time taken by org.testng.reporters.jq.Main@5e3a39cd: 67 ms
2025-05-06 13:06:50 INFO  Utils:112 - [TestNG] Time taken by org.testng.reporters.FailedReporter@43cf6ea3: 10 ms
2025-05-06 13:06:50 INFO  Utils:112 - [TestNG] Time taken by org.testng.reporters.XMLReporter@ff6077: 10 ms
2025-05-06 13:06:50 INFO  Utils:112 - [TestNG] Time taken by org.testng.reporters.EmailableReporter2@245a060f: 8 ms
2025-05-06 13:06:50 INFO  Utils:112 - [TestNG] Time taken by org.testng.reporters.JUnitReportReporter@29314cc9: 8 ms
2025-05-06 13:06:50 INFO  Utils:112 - [TestNG] Time taken by org.testng.internal.ExitCodeListener@4e38d975: 0 ms
2025-05-06 14:25:49 INFO  Utils:112 - [Utils] MethodGroupsHelper.collectMethodsByGroup() took 1 ms.
2025-05-06 14:25:49 INFO  Utils:112 - [Utils] MethodGroupsHelper.sortMethods() took 1 ms.
2025-05-06 14:25:49 INFO  Utils:112 - [Utils] MethodGroupsHelper.collectMethodsByGroup() took 0 ms.
2025-05-06 14:25:49 INFO  Utils:112 - [Utils] MethodGroupsHelper.sortMethods() took 0 ms.
2025-05-06 14:25:49 INFO  Utils:112 - [Utils] MethodGroupsHelper.collectMethodsByGroup() took 0 ms.
2025-05-06 14:25:49 INFO  Utils:112 - [Utils] MethodGroupsHelper.sortMethods() took 0 ms.
2025-05-06 14:25:49 INFO  Utils:112 - [Utils] MethodGroupsHelper.collectMethodsByGroup() took 0 ms.
2025-05-06 14:25:49 INFO  Utils:112 - [Utils] MethodGroupsHelper.sortMethods() took 0 ms.
2025-05-06 14:25:49 INFO  Utils:112 - [Utils] MethodGroupsHelper.collectMethodsByGroup() took 4 ms.
2025-05-06 14:25:49 INFO  Utils:112 - [Utils] MethodGroupsHelper.sortMethods() took 12 ms.
2025-05-06 14:25:49 INFO  Utils:112 - [Utils] MethodGroupsHelper.collectMethodsByGroup() took 0 ms.
2025-05-06 14:25:49 INFO  Utils:112 - [Utils] MethodGroupsHelper.sortMethods() took 0 ms.
2025-05-06 14:25:49 INFO  Utils:112 - [Utils] MethodGroupsHelper.collectMethodsByGroup() took 0 ms.
2025-05-06 14:25:49 INFO  Utils:112 - [Utils] MethodGroupsHelper.sortMethods() took 0 ms.
2025-05-06 14:25:49 INFO  Utils:112 - [Utils] MethodGroupsHelper.collectMethodsByGroup() took 0 ms.
2025-05-06 14:25:49 INFO  Utils:112 - [Utils] MethodGroupsHelper.sortMethods() took 0 ms.
2025-05-06 14:25:49 INFO  Utils:112 - [Utils] MethodGroupsHelper.collectMethodsByGroup() took 0 ms.
2025-05-06 14:25:49 INFO  Utils:112 - [Utils] MethodGroupsHelper.sortMethods() took 0 ms.
2025-05-06 14:25:49 INFO  Utils:112 - [Utils] MethodGroupsHelper.collectMethodsByGroup() took 0 ms.
2025-05-06 14:25:49 INFO  Utils:112 - [Utils] MethodGroupsHelper.sortMethods() took 0 ms.
2025-05-06 14:25:49 INFO  Utils:112 - [Utils] MethodGroupsHelper.collectMethodsByGroup() took 0 ms.
2025-05-06 14:25:49 INFO  Utils:112 - [Utils] MethodGroupsHelper.sortMethods() took 0 ms.
2025-05-06 14:25:49 INFO  Utils:112 - [Utils] MethodGroupsHelper.collectMethodsByGroup() took 0 ms.
2025-05-06 14:25:49 INFO  Utils:112 - [Utils] MethodGroupsHelper.sortMethods() took 0 ms.
2025-05-06 14:25:49 INFO  Utils:112 - [Utils] MethodGroupsHelper.collectMethodsByGroup() took 1 ms.
2025-05-06 14:25:49 INFO  Utils:112 - [Utils] MethodGroupsHelper.sortMethods() took 2 ms.
2025-05-06 14:25:49 INFO  Utils:112 - [Utils] MethodGroupsHelper.collectMethodsByGroup() took 0 ms.
2025-05-06 14:25:49 INFO  Utils:112 - [Utils] MethodGroupsHelper.sortMethods() took 0 ms.
2025-05-06 14:25:49 INFO  Utils:112 - [Utils] MethodGroupsHelper.collectMethodsByGroup() took 0 ms.
2025-05-06 14:25:49 INFO  Utils:112 - [Utils] MethodGroupsHelper.sortMethods() took 0 ms.
2025-05-06 14:25:49 INFO  Utils:112 - [TestNG] Running:
  C:\Users\Jim\AppData\Local\Temp\testng-eclipse--885212469\testng-customsuite.xml

2025-05-06 14:25:49 INFO  Utils:112 - [Utils] DynamicGraphHelper.createDynamicGraph() took 6 ms.
2025-05-06 14:26:08 INFO  Utils:112 - [TestNG] Time taken by org.testng.reporters.SuiteHTMLReporter@17ae7628: 36 ms
2025-05-06 14:26:09 INFO  Utils:112 - [TestNG] Time taken by org.testng.reporters.jq.Main@6d2d99fc: 63 ms
2025-05-06 14:26:09 INFO  Utils:112 - [TestNG] Time taken by org.testng.reporters.FailedReporter@f973499: 12 ms
2025-05-06 14:26:09 INFO  Utils:112 - [TestNG] Time taken by org.testng.reporters.XMLReporter@64f555e7: 11 ms
2025-05-06 14:26:09 INFO  Utils:112 - [TestNG] Time taken by org.testng.reporters.EmailableReporter2@78411116: 10 ms
2025-05-06 14:26:09 INFO  Utils:112 - [TestNG] Time taken by org.testng.reporters.JUnitReportReporter@2d6aca33: 10 ms
2025-05-06 14:26:09 INFO  Utils:112 - [TestNG] Time taken by org.testng.internal.ExitCodeListener@21ab988f: 0 ms
2025-05-06 14:28:46 INFO  Utils:112 - [Utils] MethodGroupsHelper.collectMethodsByGroup() took 1 ms.
2025-05-06 14:28:46 INFO  Utils:112 - [Utils] MethodGroupsHelper.sortMethods() took 2 ms.
2025-05-06 14:28:46 INFO  Utils:112 - [Utils] MethodGroupsHelper.collectMethodsByGroup() took 0 ms.
2025-05-06 14:28:46 INFO  Utils:112 - [Utils] MethodGroupsHelper.sortMethods() took 0 ms.
2025-05-06 14:28:46 INFO  Utils:112 - [Utils] MethodGroupsHelper.collectMethodsByGroup() took 0 ms.
2025-05-06 14:28:46 INFO  Utils:112 - [Utils] MethodGroupsHelper.sortMethods() took 0 ms.
2025-05-06 14:28:46 INFO  Utils:112 - [Utils] MethodGroupsHelper.collectMethodsByGroup() took 0 ms.
2025-05-06 14:28:46 INFO  Utils:112 - [Utils] MethodGroupsHelper.sortMethods() took 0 ms.
2025-05-06 14:28:46 INFO  Utils:112 - [Utils] MethodGroupsHelper.collectMethodsByGroup() took 4 ms.
2025-05-06 14:28:46 INFO  Utils:112 - [Utils] MethodGroupsHelper.sortMethods() took 8 ms.
2025-05-06 14:28:46 INFO  Utils:112 - [Utils] MethodGroupsHelper.collectMethodsByGroup() took 0 ms.
2025-05-06 14:28:46 INFO  Utils:112 - [Utils] MethodGroupsHelper.sortMethods() took 0 ms.
2025-05-06 14:28:46 INFO  Utils:112 - [Utils] MethodGroupsHelper.collectMethodsByGroup() took 0 ms.
2025-05-06 14:28:46 INFO  Utils:112 - [Utils] MethodGroupsHelper.sortMethods() took 0 ms.
2025-05-06 14:28:46 INFO  Utils:112 - [Utils] MethodGroupsHelper.collectMethodsByGroup() took 0 ms.
2025-05-06 14:28:46 INFO  Utils:112 - [Utils] MethodGroupsHelper.sortMethods() took 0 ms.
2025-05-06 14:28:46 INFO  Utils:112 - [Utils] MethodGroupsHelper.collectMethodsByGroup() took 0 ms.
2025-05-06 14:28:46 INFO  Utils:112 - [Utils] MethodGroupsHelper.sortMethods() took 0 ms.
2025-05-06 14:28:46 INFO  Utils:112 - [Utils] MethodGroupsHelper.collectMethodsByGroup() took 0 ms.
2025-05-06 14:28:46 INFO  Utils:112 - [Utils] MethodGroupsHelper.sortMethods() took 0 ms.
2025-05-06 14:28:46 INFO  Utils:112 - [Utils] MethodGroupsHelper.collectMethodsByGroup() took 0 ms.
2025-05-06 14:28:46 INFO  Utils:112 - [Utils] MethodGroupsHelper.sortMethods() took 0 ms.
2025-05-06 14:28:46 INFO  Utils:112 - [Utils] MethodGroupsHelper.collectMethodsByGroup() took 0 ms.
2025-05-06 14:28:46 INFO  Utils:112 - [Utils] MethodGroupsHelper.sortMethods() took 0 ms.
2025-05-06 14:28:46 INFO  Utils:112 - [Utils] MethodGroupsHelper.collectMethodsByGroup() took 0 ms.
2025-05-06 14:28:46 INFO  Utils:112 - [Utils] MethodGroupsHelper.sortMethods() took 1 ms.
2025-05-06 14:28:46 INFO  Utils:112 - [Utils] MethodGroupsHelper.collectMethodsByGroup() took 0 ms.
2025-05-06 14:28:46 INFO  Utils:112 - [Utils] MethodGroupsHelper.sortMethods() took 0 ms.
2025-05-06 14:28:46 INFO  Utils:112 - [Utils] MethodGroupsHelper.collectMethodsByGroup() took 0 ms.
2025-05-06 14:28:46 INFO  Utils:112 - [Utils] MethodGroupsHelper.sortMethods() took 1 ms.
2025-05-06 14:28:46 INFO  Utils:112 - [TestNG] Running:
  C:\Users\Jim\AppData\Local\Temp\testng-eclipse-1290414511\testng-customsuite.xml

2025-05-06 14:28:46 INFO  Utils:112 - [Utils] DynamicGraphHelper.createDynamicGraph() took 5 ms.
2025-05-06 14:28:54 INFO  Utils:112 - [TestNG] Time taken by org.testng.reporters.SuiteHTMLReporter@588ffeb: 30 ms
2025-05-06 14:28:54 INFO  Utils:112 - [TestNG] Time taken by org.testng.reporters.jq.Main@1ded7b14: 70 ms
2025-05-06 14:28:54 INFO  Utils:112 - [TestNG] Time taken by org.testng.reporters.FailedReporter@5972d253: 8 ms
2025-05-06 14:28:54 INFO  Utils:112 - [TestNG] Time taken by org.testng.reporters.XMLReporter@bb095: 11 ms
2025-05-06 14:28:54 INFO  Utils:112 - [TestNG] Time taken by org.testng.reporters.EmailableReporter2@65cc8228: 9 ms
2025-05-06 14:28:54 INFO  Utils:112 - [TestNG] Time taken by org.testng.reporters.JUnitReportReporter@368d5c00: 12 ms
2025-05-06 14:28:54 INFO  Utils:112 - [TestNG] Time taken by org.testng.internal.ExitCodeListener@12a160c2: 0 ms
2025-05-06 14:33:47 INFO  Utils:112 - [Utils] MethodGroupsHelper.collectMethodsByGroup() took 0 ms.
2025-05-06 14:33:47 INFO  Utils:112 - [Utils] MethodGroupsHelper.sortMethods() took 0 ms.
2025-05-06 14:33:47 INFO  Utils:112 - [Utils] MethodGroupsHelper.collectMethodsByGroup() took 0 ms.
2025-05-06 14:33:47 INFO  Utils:112 - [Utils] MethodGroupsHelper.sortMethods() took 0 ms.
2025-05-06 14:33:47 INFO  Utils:112 - [Utils] MethodGroupsHelper.collectMethodsByGroup() took 0 ms.
2025-05-06 14:33:47 INFO  Utils:112 - [Utils] MethodGroupsHelper.sortMethods() took 0 ms.
2025-05-06 14:33:47 INFO  Utils:112 - [Utils] MethodGroupsHelper.collectMethodsByGroup() took 0 ms.
2025-05-06 14:33:47 INFO  Utils:112 - [Utils] MethodGroupsHelper.sortMethods() took 0 ms.
2025-05-06 14:33:47 INFO  Utils:112 - [Utils] MethodGroupsHelper.collectMethodsByGroup() took 4 ms.
2025-05-06 14:33:47 INFO  Utils:112 - [Utils] MethodGroupsHelper.sortMethods() took 8 ms.
2025-05-06 14:33:47 INFO  Utils:112 - [Utils] MethodGroupsHelper.collectMethodsByGroup() took 0 ms.
2025-05-06 14:33:47 INFO  Utils:112 - [Utils] MethodGroupsHelper.sortMethods() took 0 ms.
2025-05-06 14:33:47 INFO  Utils:112 - [Utils] MethodGroupsHelper.collectMethodsByGroup() took 0 ms.
2025-05-06 14:33:47 INFO  Utils:112 - [Utils] MethodGroupsHelper.sortMethods() took 0 ms.
2025-05-06 14:33:47 INFO  Utils:112 - [Utils] MethodGroupsHelper.collectMethodsByGroup() took 0 ms.
2025-05-06 14:33:47 INFO  Utils:112 - [Utils] MethodGroupsHelper.sortMethods() took 0 ms.
2025-05-06 14:33:47 INFO  Utils:112 - [Utils] MethodGroupsHelper.collectMethodsByGroup() took 0 ms.
2025-05-06 14:33:47 INFO  Utils:112 - [Utils] MethodGroupsHelper.sortMethods() took 0 ms.
2025-05-06 14:33:47 INFO  Utils:112 - [Utils] MethodGroupsHelper.collectMethodsByGroup() took 0 ms.
2025-05-06 14:33:47 INFO  Utils:112 - [Utils] MethodGroupsHelper.sortMethods() took 0 ms.
2025-05-06 14:33:47 INFO  Utils:112 - [Utils] MethodGroupsHelper.collectMethodsByGroup() took 0 ms.
2025-05-06 14:33:47 INFO  Utils:112 - [Utils] MethodGroupsHelper.sortMethods() took 0 ms.
2025-05-06 14:33:47 INFO  Utils:112 - [Utils] MethodGroupsHelper.collectMethodsByGroup() took 0 ms.
2025-05-06 14:33:47 INFO  Utils:112 - [Utils] MethodGroupsHelper.sortMethods() took 0 ms.
2025-05-06 14:33:47 INFO  Utils:112 - [Utils] MethodGroupsHelper.collectMethodsByGroup() took 1 ms.
2025-05-06 14:33:47 INFO  Utils:112 - [Utils] MethodGroupsHelper.sortMethods() took 0 ms.
2025-05-06 14:33:47 INFO  Utils:112 - [Utils] MethodGroupsHelper.collectMethodsByGroup() took 0 ms.
2025-05-06 14:33:47 INFO  Utils:112 - [Utils] MethodGroupsHelper.sortMethods() took 0 ms.
2025-05-06 14:33:47 INFO  Utils:112 - [Utils] MethodGroupsHelper.collectMethodsByGroup() took 0 ms.
2025-05-06 14:33:47 INFO  Utils:112 - [Utils] MethodGroupsHelper.sortMethods() took 0 ms.
2025-05-06 14:33:47 INFO  Utils:112 - [TestNG] Running:
  C:\Users\Jim\AppData\Local\Temp\testng-eclipse-719276932\testng-customsuite.xml

2025-05-06 14:33:47 INFO  Utils:112 - [Utils] DynamicGraphHelper.createDynamicGraph() took 4 ms.
2025-05-06 14:33:52 INFO  Utils:112 - [TestNG] Time taken by org.testng.reporters.SuiteHTMLReporter@11653e3b: 37 ms
2025-05-06 14:33:52 INFO  Utils:112 - [TestNG] Time taken by org.testng.reporters.jq.Main@5226e402: 72 ms
2025-05-06 14:33:52 INFO  Utils:112 - [TestNG] Time taken by org.testng.reporters.FailedReporter@2687f956: 14 ms
2025-05-06 14:33:52 INFO  Utils:112 - [TestNG] Time taken by org.testng.reporters.XMLReporter@2d6aca33: 14 ms
2025-05-06 14:33:52 INFO  Utils:112 - [TestNG] Time taken by org.testng.reporters.EmailableReporter2@5b5c0057: 11 ms
2025-05-06 14:33:52 INFO  Utils:112 - [TestNG] Time taken by org.testng.reporters.JUnitReportReporter@273842a6: 10 ms
2025-05-06 14:33:52 INFO  Utils:112 - [TestNG] Time taken by org.testng.internal.ExitCodeListener@6a969fb8: 0 ms
2025-05-06 14:34:06 INFO  Utils:112 - [Utils] MethodGroupsHelper.collectMethodsByGroup() took 0 ms.
2025-05-06 14:34:06 INFO  Utils:112 - [Utils] MethodGroupsHelper.sortMethods() took 2 ms.
2025-05-06 14:34:06 INFO  Utils:112 - [Utils] MethodGroupsHelper.collectMethodsByGroup() took 0 ms.
2025-05-06 14:34:06 INFO  Utils:112 - [Utils] MethodGroupsHelper.sortMethods() took 0 ms.
2025-05-06 14:34:06 INFO  Utils:112 - [Utils] MethodGroupsHelper.collectMethodsByGroup() took 0 ms.
2025-05-06 14:34:06 INFO  Utils:112 - [Utils] MethodGroupsHelper.sortMethods() took 0 ms.
2025-05-06 14:34:06 INFO  Utils:112 - [Utils] MethodGroupsHelper.collectMethodsByGroup() took 0 ms.
2025-05-06 14:34:06 INFO  Utils:112 - [Utils] MethodGroupsHelper.sortMethods() took 0 ms.
2025-05-06 14:34:06 INFO  Utils:112 - [Utils] MethodGroupsHelper.collectMethodsByGroup() took 5 ms.
2025-05-06 14:34:06 INFO  Utils:112 - [Utils] MethodGroupsHelper.sortMethods() took 7 ms.
2025-05-06 14:34:06 INFO  Utils:112 - [Utils] MethodGroupsHelper.collectMethodsByGroup() took 1 ms.
2025-05-06 14:34:06 INFO  Utils:112 - [Utils] MethodGroupsHelper.sortMethods() took 0 ms.
2025-05-06 14:34:06 INFO  Utils:112 - [Utils] MethodGroupsHelper.collectMethodsByGroup() took 0 ms.
2025-05-06 14:34:06 INFO  Utils:112 - [Utils] MethodGroupsHelper.sortMethods() took 0 ms.
2025-05-06 14:34:06 INFO  Utils:112 - [Utils] MethodGroupsHelper.collectMethodsByGroup() took 0 ms.
2025-05-06 14:34:06 INFO  Utils:112 - [Utils] MethodGroupsHelper.sortMethods() took 0 ms.
2025-05-06 14:34:06 INFO  Utils:112 - [Utils] MethodGroupsHelper.collectMethodsByGroup() took 0 ms.
2025-05-06 14:34:06 INFO  Utils:112 - [Utils] MethodGroupsHelper.sortMethods() took 0 ms.
2025-05-06 14:34:06 INFO  Utils:112 - [Utils] MethodGroupsHelper.collectMethodsByGroup() took 0 ms.
2025-05-06 14:34:06 INFO  Utils:112 - [Utils] MethodGroupsHelper.sortMethods() took 0 ms.
2025-05-06 14:34:06 INFO  Utils:112 - [Utils] MethodGroupsHelper.collectMethodsByGroup() took 0 ms.
2025-05-06 14:34:06 INFO  Utils:112 - [Utils] MethodGroupsHelper.sortMethods() took 0 ms.
2025-05-06 14:34:06 INFO  Utils:112 - [Utils] MethodGroupsHelper.collectMethodsByGroup() took 0 ms.
2025-05-06 14:34:06 INFO  Utils:112 - [Utils] MethodGroupsHelper.sortMethods() took 0 ms.
2025-05-06 14:34:06 INFO  Utils:112 - [Utils] MethodGroupsHelper.collectMethodsByGroup() took 0 ms.
2025-05-06 14:34:06 INFO  Utils:112 - [Utils] MethodGroupsHelper.sortMethods() took 0 ms.
2025-05-06 14:34:06 INFO  Utils:112 - [Utils] MethodGroupsHelper.collectMethodsByGroup() took 0 ms.
2025-05-06 14:34:06 INFO  Utils:112 - [Utils] MethodGroupsHelper.sortMethods() took 0 ms.
2025-05-06 14:34:06 INFO  Utils:112 - [Utils] MethodGroupsHelper.collectMethodsByGroup() took 0 ms.
2025-05-06 14:34:06 INFO  Utils:112 - [Utils] MethodGroupsHelper.sortMethods() took 0 ms.
2025-05-06 14:34:06 INFO  Utils:112 - [TestNG] Running:
  C:\Users\Jim\AppData\Local\Temp\testng-eclipse-1561922996\testng-customsuite.xml

2025-05-06 14:34:06 INFO  Utils:112 - [Utils] DynamicGraphHelper.createDynamicGraph() took 6 ms.
2025-05-06 14:34:10 INFO  Utils:112 - [TestNG] Time taken by org.testng.reporters.SuiteHTMLReporter@c3fa05a: 35 ms
2025-05-06 14:34:11 INFO  Utils:112 - [TestNG] Time taken by org.testng.reporters.jq.Main@6090f3ca: 86 ms
2025-05-06 14:34:11 INFO  Utils:112 - [TestNG] Time taken by org.testng.reporters.FailedReporter@5226e402: 15 ms
2025-05-06 14:34:11 INFO  Utils:112 - [TestNG] Time taken by org.testng.reporters.XMLReporter@13cd7ea5: 13 ms
2025-05-06 14:34:11 INFO  Utils:112 - [TestNG] Time taken by org.testng.reporters.EmailableReporter2@30135202: 10 ms
2025-05-06 14:34:11 INFO  Utils:112 - [TestNG] Time taken by org.testng.reporters.JUnitReportReporter@6edaa77a: 11 ms
2025-05-06 14:34:11 INFO  Utils:112 - [TestNG] Time taken by org.testng.internal.ExitCodeListener@1e63d216: 0 ms
2025-05-06 14:36:31 INFO  Utils:112 - [Utils] MethodGroupsHelper.collectMethodsByGroup() took 0 ms.
2025-05-06 14:36:31 INFO  Utils:112 - [Utils] MethodGroupsHelper.sortMethods() took 1 ms.
2025-05-06 14:36:31 INFO  Utils:112 - [Utils] MethodGroupsHelper.collectMethodsByGroup() took 0 ms.
2025-05-06 14:36:31 INFO  Utils:112 - [Utils] MethodGroupsHelper.sortMethods() took 0 ms.
2025-05-06 14:36:31 INFO  Utils:112 - [Utils] MethodGroupsHelper.collectMethodsByGroup() took 0 ms.
2025-05-06 14:36:31 INFO  Utils:112 - [Utils] MethodGroupsHelper.sortMethods() took 0 ms.
2025-05-06 14:36:31 INFO  Utils:112 - [Utils] MethodGroupsHelper.collectMethodsByGroup() took 0 ms.
2025-05-06 14:36:31 INFO  Utils:112 - [Utils] MethodGroupsHelper.sortMethods() took 0 ms.
2025-05-06 14:36:31 INFO  Utils:112 - [Utils] MethodGroupsHelper.collectMethodsByGroup() took 3 ms.
2025-05-06 14:36:31 INFO  Utils:112 - [Utils] MethodGroupsHelper.sortMethods() took 5 ms.
2025-05-06 14:36:31 INFO  Utils:112 - [Utils] MethodGroupsHelper.collectMethodsByGroup() took 0 ms.
2025-05-06 14:36:31 INFO  Utils:112 - [Utils] MethodGroupsHelper.sortMethods() took 0 ms.
2025-05-06 14:36:31 INFO  Utils:112 - [Utils] MethodGroupsHelper.collectMethodsByGroup() took 0 ms.
2025-05-06 14:36:31 INFO  Utils:112 - [Utils] MethodGroupsHelper.sortMethods() took 0 ms.
2025-05-06 14:36:31 INFO  Utils:112 - [Utils] MethodGroupsHelper.collectMethodsByGroup() took 0 ms.
2025-05-06 14:36:31 INFO  Utils:112 - [Utils] MethodGroupsHelper.sortMethods() took 0 ms.
2025-05-06 14:36:31 INFO  Utils:112 - [Utils] MethodGroupsHelper.collectMethodsByGroup() took 0 ms.
2025-05-06 14:36:31 INFO  Utils:112 - [Utils] MethodGroupsHelper.sortMethods() took 0 ms.
2025-05-06 14:36:31 INFO  Utils:112 - [Utils] MethodGroupsHelper.collectMethodsByGroup() took 0 ms.
2025-05-06 14:36:31 INFO  Utils:112 - [Utils] MethodGroupsHelper.sortMethods() took 0 ms.
2025-05-06 14:36:31 INFO  Utils:112 - [Utils] MethodGroupsHelper.collectMethodsByGroup() took 0 ms.
2025-05-06 14:36:31 INFO  Utils:112 - [Utils] MethodGroupsHelper.sortMethods() took 0 ms.
2025-05-06 14:36:31 INFO  Utils:112 - [Utils] MethodGroupsHelper.collectMethodsByGroup() took 0 ms.
2025-05-06 14:36:31 INFO  Utils:112 - [Utils] MethodGroupsHelper.sortMethods() took 0 ms.
2025-05-06 14:36:31 INFO  Utils:112 - [Utils] MethodGroupsHelper.collectMethodsByGroup() took 0 ms.
2025-05-06 14:36:31 INFO  Utils:112 - [Utils] MethodGroupsHelper.sortMethods() took 0 ms.
2025-05-06 14:36:31 INFO  Utils:112 - [Utils] MethodGroupsHelper.collectMethodsByGroup() took 0 ms.
2025-05-06 14:36:31 INFO  Utils:112 - [Utils] MethodGroupsHelper.sortMethods() took 0 ms.
2025-05-06 14:36:31 INFO  Utils:112 - [Utils] MethodGroupsHelper.collectMethodsByGroup() took 0 ms.
2025-05-06 14:36:31 INFO  Utils:112 - [Utils] MethodGroupsHelper.sortMethods() took 0 ms.
2025-05-06 14:36:31 INFO  Utils:112 - [TestNG] Running:
  C:\Users\Jim\AppData\Local\Temp\testng-eclipse--78109968\testng-customsuite.xml

2025-05-06 14:36:31 INFO  Utils:112 - [Utils] DynamicGraphHelper.createDynamicGraph() took 3 ms.
2025-05-06 14:36:38 INFO  Utils:112 - [TestNG] Time taken by org.testng.reporters.SuiteHTMLReporter@baf1bb3: 29 ms
2025-05-06 14:36:38 INFO  Utils:112 - [TestNG] Time taken by org.testng.reporters.jq.Main@5f84abe8: 56 ms
2025-05-06 14:36:38 INFO  Utils:112 - [TestNG] Time taken by org.testng.reporters.FailedReporter@31e32ea2: 7 ms
2025-05-06 14:36:38 INFO  Utils:112 - [TestNG] Time taken by org.testng.reporters.XMLReporter@27aae97b: 11 ms
2025-05-06 14:36:38 INFO  Utils:112 - [TestNG] Time taken by org.testng.reporters.EmailableReporter2@21719a0: 15 ms
2025-05-06 14:36:38 INFO  Utils:112 - [TestNG] Time taken by org.testng.reporters.JUnitReportReporter@aa10649: 10 ms
2025-05-06 14:36:38 INFO  Utils:112 - [TestNG] Time taken by org.testng.internal.ExitCodeListener@6b3871d6: 0 ms
2025-05-06 14:40:17 INFO  Utils:112 - [Utils] MethodGroupsHelper.collectMethodsByGroup() took 1 ms.
2025-05-06 14:40:17 INFO  Utils:112 - [Utils] MethodGroupsHelper.sortMethods() took 1 ms.
2025-05-06 14:40:17 INFO  Utils:112 - [Utils] MethodGroupsHelper.collectMethodsByGroup() took 0 ms.
2025-05-06 14:40:17 INFO  Utils:112 - [Utils] MethodGroupsHelper.sortMethods() took 0 ms.
2025-05-06 14:40:17 INFO  Utils:112 - [Utils] MethodGroupsHelper.collectMethodsByGroup() took 0 ms.
2025-05-06 14:40:17 INFO  Utils:112 - [Utils] MethodGroupsHelper.sortMethods() took 0 ms.
2025-05-06 14:40:17 INFO  Utils:112 - [Utils] MethodGroupsHelper.collectMethodsByGroup() took 0 ms.
2025-05-06 14:40:17 INFO  Utils:112 - [Utils] MethodGroupsHelper.sortMethods() took 0 ms.
2025-05-06 14:40:17 INFO  Utils:112 - [Utils] MethodGroupsHelper.collectMethodsByGroup() took 5 ms.
2025-05-06 14:40:17 INFO  Utils:112 - [Utils] MethodGroupsHelper.sortMethods() took 9 ms.
2025-05-06 14:40:17 INFO  Utils:112 - [Utils] MethodGroupsHelper.collectMethodsByGroup() took 0 ms.
2025-05-06 14:40:17 INFO  Utils:112 - [Utils] MethodGroupsHelper.sortMethods() took 0 ms.
2025-05-06 14:40:17 INFO  Utils:112 - [Utils] MethodGroupsHelper.collectMethodsByGroup() took 0 ms.
2025-05-06 14:40:17 INFO  Utils:112 - [Utils] MethodGroupsHelper.sortMethods() took 0 ms.
2025-05-06 14:40:17 INFO  Utils:112 - [Utils] MethodGroupsHelper.collectMethodsByGroup() took 0 ms.
2025-05-06 14:40:17 INFO  Utils:112 - [Utils] MethodGroupsHelper.sortMethods() took 0 ms.
2025-05-06 14:40:17 INFO  Utils:112 - [Utils] MethodGroupsHelper.collectMethodsByGroup() took 0 ms.
2025-05-06 14:40:17 INFO  Utils:112 - [Utils] MethodGroupsHelper.sortMethods() took 0 ms.
2025-05-06 14:40:17 INFO  Utils:112 - [Utils] MethodGroupsHelper.collectMethodsByGroup() took 0 ms.
2025-05-06 14:40:17 INFO  Utils:112 - [Utils] MethodGroupsHelper.sortMethods() took 0 ms.
2025-05-06 14:40:17 INFO  Utils:112 - [Utils] MethodGroupsHelper.collectMethodsByGroup() took 0 ms.
2025-05-06 14:40:17 INFO  Utils:112 - [Utils] MethodGroupsHelper.sortMethods() took 0 ms.
2025-05-06 14:40:17 INFO  Utils:112 - [Utils] MethodGroupsHelper.collectMethodsByGroup() took 0 ms.
2025-05-06 14:40:17 INFO  Utils:112 - [Utils] MethodGroupsHelper.sortMethods() took 0 ms.
2025-05-06 14:40:17 INFO  Utils:112 - [Utils] MethodGroupsHelper.collectMethodsByGroup() took 0 ms.
2025-05-06 14:40:17 INFO  Utils:112 - [Utils] MethodGroupsHelper.sortMethods() took 0 ms.
2025-05-06 14:40:17 INFO  Utils:112 - [Utils] MethodGroupsHelper.collectMethodsByGroup() took 0 ms.
2025-05-06 14:40:17 INFO  Utils:112 - [Utils] MethodGroupsHelper.sortMethods() took 0 ms.
2025-05-06 14:40:17 INFO  Utils:112 - [Utils] MethodGroupsHelper.collectMethodsByGroup() took 0 ms.
2025-05-06 14:40:17 INFO  Utils:112 - [Utils] MethodGroupsHelper.sortMethods() took 0 ms.
2025-05-06 14:40:17 INFO  Utils:112 - [TestNG] Running:
  C:\Users\Jim\AppData\Local\Temp\testng-eclipse-1631651203\testng-customsuite.xml

2025-05-06 14:40:17 INFO  Utils:112 - [Utils] DynamicGraphHelper.createDynamicGraph() took 6 ms.
2025-05-06 14:40:23 INFO  Utils:112 - [TestNG] Time taken by org.testng.reporters.SuiteHTMLReporter@78dc4696: 44 ms
2025-05-06 14:40:23 INFO  Utils:112 - [TestNG] Time taken by org.testng.reporters.jq.Main@89c65d5: 76 ms
2025-05-06 14:40:23 INFO  Utils:112 - [TestNG] Time taken by org.testng.reporters.FailedReporter@7ff2b8d2: 15 ms
2025-05-06 14:40:23 INFO  Utils:112 - [TestNG] Time taken by org.testng.reporters.XMLReporter@35e478f: 14 ms
2025-05-06 14:40:23 INFO  Utils:112 - [TestNG] Time taken by org.testng.reporters.EmailableReporter2@70807224: 9 ms
2025-05-06 14:40:23 INFO  Utils:112 - [TestNG] Time taken by org.testng.reporters.JUnitReportReporter@73d69c0f: 9 ms
2025-05-06 14:40:23 INFO  Utils:112 - [TestNG] Time taken by org.testng.internal.ExitCodeListener@34237b90: 1 ms
2025-05-06 14:49:06 INFO  Utils:112 - [Utils] MethodGroupsHelper.collectMethodsByGroup() took 0 ms.
2025-05-06 14:49:06 INFO  Utils:112 - [Utils] MethodGroupsHelper.sortMethods() took 0 ms.
2025-05-06 14:49:06 INFO  Utils:112 - [Utils] MethodGroupsHelper.collectMethodsByGroup() took 0 ms.
2025-05-06 14:49:06 INFO  Utils:112 - [Utils] MethodGroupsHelper.sortMethods() took 0 ms.
2025-05-06 14:49:06 INFO  Utils:112 - [Utils] MethodGroupsHelper.collectMethodsByGroup() took 0 ms.
2025-05-06 14:49:06 INFO  Utils:112 - [Utils] MethodGroupsHelper.sortMethods() took 0 ms.
2025-05-06 14:49:06 INFO  Utils:112 - [Utils] MethodGroupsHelper.collectMethodsByGroup() took 0 ms.
2025-05-06 14:49:06 INFO  Utils:112 - [Utils] MethodGroupsHelper.sortMethods() took 0 ms.
2025-05-06 14:49:06 INFO  Utils:112 - [Utils] MethodGroupsHelper.collectMethodsByGroup() took 5 ms.
2025-05-06 14:49:06 INFO  Utils:112 - [Utils] MethodGroupsHelper.sortMethods() took 8 ms.
2025-05-06 14:49:06 INFO  Utils:112 - [Utils] MethodGroupsHelper.collectMethodsByGroup() took 0 ms.
2025-05-06 14:49:06 INFO  Utils:112 - [Utils] MethodGroupsHelper.sortMethods() took 0 ms.
2025-05-06 14:49:06 INFO  Utils:112 - [Utils] MethodGroupsHelper.collectMethodsByGroup() took 0 ms.
2025-05-06 14:49:06 INFO  Utils:112 - [Utils] MethodGroupsHelper.sortMethods() took 0 ms.
2025-05-06 14:49:06 INFO  Utils:112 - [Utils] MethodGroupsHelper.collectMethodsByGroup() took 0 ms.
2025-05-06 14:49:06 INFO  Utils:112 - [Utils] MethodGroupsHelper.sortMethods() took 0 ms.
2025-05-06 14:49:06 INFO  Utils:112 - [Utils] MethodGroupsHelper.collectMethodsByGroup() took 0 ms.
2025-05-06 14:49:06 INFO  Utils:112 - [Utils] MethodGroupsHelper.sortMethods() took 0 ms.
2025-05-06 14:49:06 INFO  Utils:112 - [Utils] MethodGroupsHelper.collectMethodsByGroup() took 0 ms.
2025-05-06 14:49:06 INFO  Utils:112 - [Utils] MethodGroupsHelper.sortMethods() took 0 ms.
2025-05-06 14:49:06 INFO  Utils:112 - [Utils] MethodGroupsHelper.collectMethodsByGroup() took 0 ms.
2025-05-06 14:49:06 INFO  Utils:112 - [Utils] MethodGroupsHelper.sortMethods() took 0 ms.
2025-05-06 14:49:06 INFO  Utils:112 - [Utils] MethodGroupsHelper.collectMethodsByGroup() took 0 ms.
2025-05-06 14:49:06 INFO  Utils:112 - [Utils] MethodGroupsHelper.sortMethods() took 0 ms.
2025-05-06 14:49:06 INFO  Utils:112 - [Utils] MethodGroupsHelper.collectMethodsByGroup() took 0 ms.
2025-05-06 14:49:06 INFO  Utils:112 - [Utils] MethodGroupsHelper.sortMethods() took 0 ms.
2025-05-06 14:49:06 INFO  Utils:112 - [Utils] MethodGroupsHelper.collectMethodsByGroup() took 0 ms.
2025-05-06 14:49:06 INFO  Utils:112 - [Utils] MethodGroupsHelper.sortMethods() took 0 ms.
2025-05-06 14:49:06 INFO  Utils:112 - [Utils] MethodGroupsHelper.collectMethodsByGroup() took 0 ms.
2025-05-06 14:49:06 INFO  Utils:112 - [Utils] MethodGroupsHelper.sortMethods() took 0 ms.
2025-05-06 14:49:06 INFO  Utils:112 - [TestNG] Running:
  C:\Users\Jim\AppData\Local\Temp\testng-eclipse-1664123876\testng-customsuite.xml

2025-05-06 14:49:06 INFO  Utils:112 - [Utils] DynamicGraphHelper.createDynamicGraph() took 3 ms.
2025-05-06 14:49:25 INFO  Utils:112 - [TestNG] Time taken by org.testng.reporters.SuiteHTMLReporter@67a056f1: 35 ms
2025-05-06 14:49:25 INFO  Utils:112 - [TestNG] Time taken by org.testng.reporters.jq.Main@5ca1f591: 67 ms
2025-05-06 14:49:25 INFO  Utils:112 - [TestNG] Time taken by org.testng.reporters.FailedReporter@53093491: 12 ms
2025-05-06 14:49:25 INFO  Utils:112 - [TestNG] Time taken by org.testng.reporters.XMLReporter@30b2b76f: 15 ms
2025-05-06 14:49:25 INFO  Utils:112 - [TestNG] Time taken by org.testng.reporters.EmailableReporter2@5d235104: 9 ms
2025-05-06 14:49:25 INFO  Utils:112 - [TestNG] Time taken by org.testng.reporters.JUnitReportReporter@7068f7ca: 9 ms
2025-05-06 14:49:25 INFO  Utils:112 - [TestNG] Time taken by org.testng.internal.ExitCodeListener@38548b19: 0 ms
2025-05-06 15:59:50 INFO  Utils:112 - [Utils] MethodGroupsHelper.collectMethodsByGroup() took 3 ms.
2025-05-06 15:59:50 INFO  Utils:112 - [Utils] MethodGroupsHelper.sortMethods() took 3 ms.
2025-05-06 15:59:50 INFO  Utils:112 - [Utils] MethodGroupsHelper.collectMethodsByGroup() took 0 ms.
2025-05-06 15:59:50 INFO  Utils:112 - [Utils] MethodGroupsHelper.sortMethods() took 0 ms.
2025-05-06 15:59:50 INFO  Utils:112 - [Utils] MethodGroupsHelper.collectMethodsByGroup() took 0 ms.
2025-05-06 15:59:50 INFO  Utils:112 - [Utils] MethodGroupsHelper.sortMethods() took 0 ms.
2025-05-06 15:59:50 INFO  Utils:112 - [Utils] MethodGroupsHelper.collectMethodsByGroup() took 0 ms.
2025-05-06 15:59:50 INFO  Utils:112 - [Utils] MethodGroupsHelper.sortMethods() took 0 ms.
2025-05-06 15:59:50 INFO  Utils:112 - [Utils] MethodGroupsHelper.collectMethodsByGroup() took 8 ms.
2025-05-06 15:59:50 INFO  Utils:112 - [Utils] MethodGroupsHelper.sortMethods() took 18 ms.
2025-05-06 15:59:50 INFO  Utils:112 - [Utils] MethodGroupsHelper.collectMethodsByGroup() took 0 ms.
2025-05-06 15:59:50 INFO  Utils:112 - [Utils] MethodGroupsHelper.sortMethods() took 0 ms.
2025-05-06 15:59:50 INFO  Utils:112 - [Utils] MethodGroupsHelper.collectMethodsByGroup() took 0 ms.
2025-05-06 15:59:50 INFO  Utils:112 - [Utils] MethodGroupsHelper.sortMethods() took 0 ms.
2025-05-06 15:59:50 INFO  Utils:112 - [Utils] MethodGroupsHelper.collectMethodsByGroup() took 0 ms.
2025-05-06 15:59:50 INFO  Utils:112 - [Utils] MethodGroupsHelper.sortMethods() took 0 ms.
2025-05-06 15:59:50 INFO  Utils:112 - [Utils] MethodGroupsHelper.collectMethodsByGroup() took 0 ms.
2025-05-06 15:59:50 INFO  Utils:112 - [Utils] MethodGroupsHelper.sortMethods() took 0 ms.
2025-05-06 15:59:50 INFO  Utils:112 - [Utils] MethodGroupsHelper.collectMethodsByGroup() took 0 ms.
2025-05-06 15:59:50 INFO  Utils:112 - [Utils] MethodGroupsHelper.sortMethods() took 0 ms.
2025-05-06 15:59:50 INFO  Utils:112 - [Utils] MethodGroupsHelper.collectMethodsByGroup() took 0 ms.
2025-05-06 15:59:50 INFO  Utils:112 - [Utils] MethodGroupsHelper.sortMethods() took 0 ms.
2025-05-06 15:59:50 INFO  Utils:112 - [Utils] MethodGroupsHelper.collectMethodsByGroup() took 0 ms.
2025-05-06 15:59:50 INFO  Utils:112 - [Utils] MethodGroupsHelper.sortMethods() took 0 ms.
2025-05-06 15:59:50 INFO  Utils:112 - [Utils] MethodGroupsHelper.collectMethodsByGroup() took 1 ms.
2025-05-06 15:59:50 INFO  Utils:112 - [Utils] MethodGroupsHelper.sortMethods() took 2 ms.
2025-05-06 15:59:50 INFO  Utils:112 - [Utils] MethodGroupsHelper.collectMethodsByGroup() took 0 ms.
2025-05-06 15:59:50 INFO  Utils:112 - [Utils] MethodGroupsHelper.sortMethods() took 0 ms.
2025-05-06 15:59:50 INFO  Utils:112 - [Utils] MethodGroupsHelper.collectMethodsByGroup() took 0 ms.
2025-05-06 15:59:50 INFO  Utils:112 - [Utils] MethodGroupsHelper.sortMethods() took 0 ms.
2025-05-06 15:59:50 INFO  Utils:112 - [TestNG] Running:
  C:\Users\Jim\AppData\Local\Temp\testng-eclipse-1334151344\testng-customsuite.xml

2025-05-06 15:59:50 INFO  Utils:112 - [Utils] DynamicGraphHelper.createDynamicGraph() took 11 ms.
2025-05-06 16:00:02 INFO  Utils:112 - [TestNG] Time taken by org.testng.reporters.SuiteHTMLReporter@a6dffdb: 44 ms
2025-05-06 16:00:03 INFO  Utils:112 - [TestNG] Time taken by org.testng.reporters.jq.Main@1dfcf85a: 83 ms
2025-05-06 16:00:03 INFO  Utils:112 - [TestNG] Time taken by org.testng.reporters.FailedReporter@46d148bd: 11 ms
2025-05-06 16:00:03 INFO  Utils:112 - [TestNG] Time taken by org.testng.reporters.XMLReporter@77cc6a28: 15 ms
2025-05-06 16:00:03 INFO  Utils:112 - [TestNG] Time taken by org.testng.reporters.EmailableReporter2@5aac6f9f: 7 ms
2025-05-06 16:00:03 INFO  Utils:112 - [TestNG] Time taken by org.testng.reporters.JUnitReportReporter@65262308: 9 ms
2025-05-06 16:00:03 INFO  Utils:112 - [TestNG] Time taken by org.testng.internal.ExitCodeListener@792e8181: 0 ms
2025-05-06 17:10:43 INFO  Utils:112 - [Utils] MethodGroupsHelper.collectMethodsByGroup() took 0 ms.
2025-05-06 17:10:43 INFO  Utils:112 - [Utils] MethodGroupsHelper.collectMethodsByGroup() took 0 ms.
2025-05-06 17:10:43 INFO  Utils:112 - [Utils] MethodGroupsHelper.sortMethods() took 0 ms.
2025-05-06 17:10:43 INFO  Utils:112 - [Utils] MethodGroupsHelper.sortMethods() took 2 ms.
2025-05-06 17:10:43 INFO  Utils:112 - [Utils] MethodGroupsHelper.collectMethodsByGroup() took 0 ms.
2025-05-06 17:10:43 INFO  Utils:112 - [Utils] MethodGroupsHelper.collectMethodsByGroup() took 0 ms.
2025-05-06 17:10:43 INFO  Utils:112 - [Utils] MethodGroupsHelper.sortMethods() took 0 ms.
2025-05-06 17:10:43 INFO  Utils:112 - [Utils] MethodGroupsHelper.sortMethods() took 1 ms.
2025-05-06 17:10:43 INFO  Utils:112 - [Utils] MethodGroupsHelper.collectMethodsByGroup() took 0 ms.
2025-05-06 17:10:43 INFO  Utils:112 - [Utils] MethodGroupsHelper.collectMethodsByGroup() took 0 ms.
2025-05-06 17:10:43 INFO  Utils:112 - [Utils] MethodGroupsHelper.sortMethods() took 0 ms.
2025-05-06 17:10:43 INFO  Utils:112 - [Utils] MethodGroupsHelper.sortMethods() took 0 ms.
2025-05-06 17:10:43 INFO  Utils:112 - [Utils] MethodGroupsHelper.collectMethodsByGroup() took 0 ms.
2025-05-06 17:10:43 INFO  Utils:112 - [Utils] MethodGroupsHelper.collectMethodsByGroup() took 0 ms.
2025-05-06 17:10:43 INFO  Utils:112 - [Utils] MethodGroupsHelper.sortMethods() took 0 ms.
2025-05-06 17:10:43 INFO  Utils:112 - [Utils] MethodGroupsHelper.sortMethods() took 0 ms.
2025-05-06 17:10:43 INFO  Utils:112 - [Utils] MethodGroupsHelper.collectMethodsByGroup() took 6 ms.
2025-05-06 17:10:43 INFO  Utils:112 - [Utils] MethodGroupsHelper.collectMethodsByGroup() took 6 ms.
2025-05-06 17:10:43 INFO  Utils:112 - [Utils] MethodGroupsHelper.sortMethods() took 11 ms.
2025-05-06 17:10:43 INFO  Utils:112 - [Utils] MethodGroupsHelper.sortMethods() took 11 ms.
2025-05-06 17:10:43 INFO  Utils:112 - [Utils] MethodGroupsHelper.collectMethodsByGroup() took 0 ms.
2025-05-06 17:10:43 INFO  Utils:112 - [Utils] MethodGroupsHelper.collectMethodsByGroup() took 0 ms.
2025-05-06 17:10:43 INFO  Utils:112 - [Utils] MethodGroupsHelper.sortMethods() took 0 ms.
2025-05-06 17:10:43 INFO  Utils:112 - [Utils] MethodGroupsHelper.sortMethods() took 0 ms.
2025-05-06 17:10:43 INFO  Utils:112 - [Utils] MethodGroupsHelper.collectMethodsByGroup() took 0 ms.
2025-05-06 17:10:43 INFO  Utils:112 - [Utils] MethodGroupsHelper.collectMethodsByGroup() took 0 ms.
2025-05-06 17:10:43 INFO  Utils:112 - [Utils] MethodGroupsHelper.sortMethods() took 0 ms.
2025-05-06 17:10:43 INFO  Utils:112 - [Utils] MethodGroupsHelper.sortMethods() took 0 ms.
2025-05-06 17:10:43 INFO  Utils:112 - [Utils] MethodGroupsHelper.collectMethodsByGroup() took 0 ms.
2025-05-06 17:10:43 INFO  Utils:112 - [Utils] MethodGroupsHelper.collectMethodsByGroup() took 0 ms.
2025-05-06 17:10:43 INFO  Utils:112 - [Utils] MethodGroupsHelper.sortMethods() took 0 ms.
2025-05-06 17:10:43 INFO  Utils:112 - [Utils] MethodGroupsHelper.sortMethods() took 0 ms.
2025-05-06 17:10:43 INFO  Utils:112 - [Utils] MethodGroupsHelper.collectMethodsByGroup() took 0 ms.
2025-05-06 17:10:43 INFO  Utils:112 - [Utils] MethodGroupsHelper.collectMethodsByGroup() took 0 ms.
2025-05-06 17:10:43 INFO  Utils:112 - [Utils] MethodGroupsHelper.sortMethods() took 0 ms.
2025-05-06 17:10:43 INFO  Utils:112 - [Utils] MethodGroupsHelper.sortMethods() took 0 ms.
2025-05-06 17:10:43 INFO  Utils:112 - [Utils] MethodGroupsHelper.collectMethodsByGroup() took 0 ms.
2025-05-06 17:10:43 INFO  Utils:112 - [Utils] MethodGroupsHelper.collectMethodsByGroup() took 0 ms.
2025-05-06 17:10:43 INFO  Utils:112 - [Utils] MethodGroupsHelper.sortMethods() took 0 ms.
2025-05-06 17:10:43 INFO  Utils:112 - [Utils] MethodGroupsHelper.sortMethods() took 0 ms.
2025-05-06 17:10:43 INFO  Utils:112 - [Utils] MethodGroupsHelper.collectMethodsByGroup() took 0 ms.
2025-05-06 17:10:43 INFO  Utils:112 - [Utils] MethodGroupsHelper.collectMethodsByGroup() took 0 ms.
2025-05-06 17:10:43 INFO  Utils:112 - [Utils] MethodGroupsHelper.sortMethods() took 0 ms.
2025-05-06 17:10:43 INFO  Utils:112 - [Utils] MethodGroupsHelper.sortMethods() took 0 ms.
2025-05-06 17:10:43 INFO  Utils:112 - [Utils] MethodGroupsHelper.collectMethodsByGroup() took 0 ms.
2025-05-06 17:10:43 INFO  Utils:112 - [Utils] MethodGroupsHelper.collectMethodsByGroup() took 0 ms.
2025-05-06 17:10:43 INFO  Utils:112 - [Utils] MethodGroupsHelper.sortMethods() took 0 ms.
2025-05-06 17:10:43 INFO  Utils:112 - [Utils] MethodGroupsHelper.sortMethods() took 0 ms.
2025-05-06 17:10:43 INFO  Utils:112 - [Utils] MethodGroupsHelper.collectMethodsByGroup() took 0 ms.
2025-05-06 17:10:43 INFO  Utils:112 - [Utils] MethodGroupsHelper.collectMethodsByGroup() took 0 ms.
2025-05-06 17:10:43 INFO  Utils:112 - [Utils] MethodGroupsHelper.sortMethods() took 0 ms.
2025-05-06 17:10:43 INFO  Utils:112 - [Utils] MethodGroupsHelper.sortMethods() took 0 ms.
2025-05-06 17:10:43 INFO  Utils:112 - [Utils] MethodGroupsHelper.collectMethodsByGroup() took 0 ms.
2025-05-06 17:10:43 INFO  Utils:112 - [Utils] MethodGroupsHelper.collectMethodsByGroup() took 0 ms.
2025-05-06 17:10:43 INFO  Utils:112 - [Utils] MethodGroupsHelper.sortMethods() took 0 ms.
2025-05-06 17:10:43 INFO  Utils:112 - [Utils] MethodGroupsHelper.sortMethods() took 0 ms.
2025-05-06 17:10:43 INFO  Utils:112 - [Utils] MethodGroupsHelper.collectMethodsByGroup() took 0 ms.
2025-05-06 17:10:43 INFO  Utils:112 - [Utils] MethodGroupsHelper.collectMethodsByGroup() took 0 ms.
2025-05-06 17:10:43 INFO  Utils:112 - [Utils] MethodGroupsHelper.sortMethods() took 0 ms.
2025-05-06 17:10:43 INFO  Utils:112 - [Utils] MethodGroupsHelper.sortMethods() took 0 ms.
2025-05-06 17:10:43 INFO  Utils:112 - [TestNG] Running:
  C:\Users\Jim\AppData\Local\Temp\testng-eclipse-950455403\testng-customsuite.xml

2025-05-06 17:10:43 INFO  Utils:112 - [TestNG] Running:
  C:\Users\Jim\AppData\Local\Temp\testng-eclipse-953918143\testng-customsuite.xml

2025-05-06 17:10:43 INFO  Utils:112 - [Utils] DynamicGraphHelper.createDynamicGraph() took 5 ms.
2025-05-06 17:10:43 INFO  Utils:112 - [Utils] DynamicGraphHelper.createDynamicGraph() took 5 ms.
2025-05-06 17:10:54 INFO  Utils:112 - [TestNG] Time taken by org.testng.reporters.SuiteHTMLReporter@47c64cfe: 57 ms
2025-05-06 17:10:54 INFO  Utils:112 - [TestNG] Time taken by org.testng.reporters.SuiteHTMLReporter@6e6fce47: 51 ms
2025-05-06 17:10:54 INFO  Utils:112 - [TestNG] Time taken by org.testng.reporters.jq.Main@2abc224d: 105 ms
2025-05-06 17:10:54 INFO  Utils:112 - [TestNG] Time taken by org.testng.reporters.FailedReporter@2d195ee4: 17 ms
2025-05-06 17:10:54 INFO  Utils:112 - [TestNG] Time taken by org.testng.reporters.XMLReporter@5b5c0057: 18 ms
2025-05-06 17:10:54 INFO  Utils:112 - [TestNG] Time taken by org.testng.reporters.EmailableReporter2@4c9e38: 11 ms
2025-05-06 17:10:54 INFO  Utils:112 - [TestNG] Time taken by org.testng.reporters.JUnitReportReporter@76911385: 10 ms
2025-05-06 17:10:54 INFO  Utils:112 - [TestNG] Time taken by org.testng.internal.ExitCodeListener@5467eea4: 0 ms
2025-05-06 17:10:54 INFO  Utils:112 - [TestNG] Time taken by org.testng.reporters.jq.Main@512d4583: 76 ms
2025-05-06 17:10:54 INFO  Utils:112 - [TestNG] Time taken by org.testng.reporters.FailedReporter@16c3ca31: 14 ms
2025-05-06 17:10:54 INFO  Utils:112 - [TestNG] Time taken by org.testng.reporters.XMLReporter@1473b8c0: 16 ms
2025-05-06 17:10:54 INFO  Utils:112 - [TestNG] Time taken by org.testng.reporters.EmailableReporter2@27aae97b: 10 ms
2025-05-06 17:10:54 INFO  Utils:112 - [TestNG] Time taken by org.testng.reporters.JUnitReportReporter@c4c0b41: 11 ms
2025-05-06 17:10:54 INFO  Utils:112 - [TestNG] Time taken by org.testng.internal.ExitCodeListener@76911385: 0 ms
2025-05-06 17:26:08 INFO  Utils:112 - [Utils] MethodGroupsHelper.collectMethodsByGroup() took 0 ms.
2025-05-06 17:26:09 INFO  Utils:112 - [Utils] MethodGroupsHelper.sortMethods() took 3 ms.
2025-05-06 17:26:09 INFO  Utils:112 - [Utils] MethodGroupsHelper.collectMethodsByGroup() took 0 ms.
2025-05-06 17:26:09 INFO  Utils:112 - [Utils] MethodGroupsHelper.sortMethods() took 0 ms.
2025-05-06 17:26:09 INFO  Utils:112 - [Utils] MethodGroupsHelper.collectMethodsByGroup() took 0 ms.
2025-05-06 17:26:09 INFO  Utils:112 - [Utils] MethodGroupsHelper.sortMethods() took 0 ms.
2025-05-06 17:26:09 INFO  Utils:112 - [Utils] MethodGroupsHelper.collectMethodsByGroup() took 0 ms.
2025-05-06 17:26:09 INFO  Utils:112 - [Utils] MethodGroupsHelper.sortMethods() took 0 ms.
2025-05-06 17:26:09 INFO  Utils:112 - [Utils] MethodGroupsHelper.collectMethodsByGroup() took 4 ms.
2025-05-06 17:26:09 INFO  Utils:112 - [Utils] MethodGroupsHelper.sortMethods() took 7 ms.
2025-05-06 17:26:09 INFO  Utils:112 - [Utils] MethodGroupsHelper.collectMethodsByGroup() took 0 ms.
2025-05-06 17:26:09 INFO  Utils:112 - [Utils] MethodGroupsHelper.sortMethods() took 0 ms.
2025-05-06 17:26:09 INFO  Utils:112 - [Utils] MethodGroupsHelper.collectMethodsByGroup() took 0 ms.
2025-05-06 17:26:09 INFO  Utils:112 - [Utils] MethodGroupsHelper.sortMethods() took 0 ms.
2025-05-06 17:26:09 INFO  Utils:112 - [Utils] MethodGroupsHelper.collectMethodsByGroup() took 0 ms.
2025-05-06 17:26:09 INFO  Utils:112 - [Utils] MethodGroupsHelper.sortMethods() took 0 ms.
2025-05-06 17:26:09 INFO  Utils:112 - [Utils] MethodGroupsHelper.collectMethodsByGroup() took 0 ms.
2025-05-06 17:26:09 INFO  Utils:112 - [Utils] MethodGroupsHelper.sortMethods() took 0 ms.
2025-05-06 17:26:09 INFO  Utils:112 - [Utils] MethodGroupsHelper.collectMethodsByGroup() took 0 ms.
2025-05-06 17:26:09 INFO  Utils:112 - [Utils] MethodGroupsHelper.sortMethods() took 0 ms.
2025-05-06 17:26:09 INFO  Utils:112 - [Utils] MethodGroupsHelper.collectMethodsByGroup() took 0 ms.
2025-05-06 17:26:09 INFO  Utils:112 - [Utils] MethodGroupsHelper.sortMethods() took 0 ms.
2025-05-06 17:26:09 INFO  Utils:112 - [Utils] MethodGroupsHelper.collectMethodsByGroup() took 0 ms.
2025-05-06 17:26:09 INFO  Utils:112 - [Utils] MethodGroupsHelper.sortMethods() took 0 ms.
2025-05-06 17:26:09 INFO  Utils:112 - [Utils] MethodGroupsHelper.collectMethodsByGroup() took 0 ms.
2025-05-06 17:26:09 INFO  Utils:112 - [Utils] MethodGroupsHelper.sortMethods() took 0 ms.
2025-05-06 17:26:09 INFO  Utils:112 - [Utils] MethodGroupsHelper.collectMethodsByGroup() took 0 ms.
2025-05-06 17:26:09 INFO  Utils:112 - [Utils] MethodGroupsHelper.sortMethods() took 0 ms.
2025-05-06 17:26:09 INFO  Utils:112 - [Utils] MethodGroupsHelper.collectMethodsByGroup() took 0 ms.
2025-05-06 17:26:09 INFO  Utils:112 - [Utils] MethodGroupsHelper.sortMethods() took 0 ms.
2025-05-06 17:26:09 INFO  Utils:112 - [TestNG] Running:
  C:\Users\Jim\AppData\Local\Temp\testng-eclipse-1803557561\testng-customsuite.xml

2025-05-06 17:26:09 INFO  Utils:112 - [Utils] DynamicGraphHelper.createDynamicGraph() took 4 ms.
2025-05-06 17:26:15 INFO  Utils:112 - [TestNG] Time taken by org.testng.reporters.SuiteHTMLReporter@bdecc21: 41 ms
2025-05-06 17:26:15 INFO  Utils:112 - [TestNG] Time taken by org.testng.reporters.jq.Main@53093491: 69 ms
2025-05-06 17:26:15 INFO  Utils:112 - [TestNG] Time taken by org.testng.reporters.FailedReporter@5bfc257: 15 ms
2025-05-06 17:26:15 INFO  Utils:112 - [TestNG] Time taken by org.testng.reporters.XMLReporter@1bcb79c2: 14 ms
2025-05-06 17:26:15 INFO  Utils:112 - [TestNG] Time taken by org.testng.reporters.EmailableReporter2@7a639ec5: 10 ms
2025-05-06 17:26:15 INFO  Utils:112 - [TestNG] Time taken by org.testng.reporters.JUnitReportReporter@982bb90: 13 ms
2025-05-06 17:26:15 INFO  Utils:112 - [TestNG] Time taken by org.testng.internal.ExitCodeListener@27f74733: 0 ms
2025-05-06 17:26:29 INFO  Utils:112 - [Utils] MethodGroupsHelper.collectMethodsByGroup() took 1 ms.
2025-05-06 17:26:29 INFO  Utils:112 - [Utils] MethodGroupsHelper.sortMethods() took 2 ms.
2025-05-06 17:26:29 INFO  Utils:112 - [Utils] MethodGroupsHelper.collectMethodsByGroup() took 0 ms.
2025-05-06 17:26:29 INFO  Utils:112 - [Utils] MethodGroupsHelper.sortMethods() took 0 ms.
2025-05-06 17:26:29 INFO  Utils:112 - [Utils] MethodGroupsHelper.collectMethodsByGroup() took 0 ms.
2025-05-06 17:26:29 INFO  Utils:112 - [Utils] MethodGroupsHelper.sortMethods() took 0 ms.
2025-05-06 17:26:29 INFO  Utils:112 - [Utils] MethodGroupsHelper.collectMethodsByGroup() took 0 ms.
2025-05-06 17:26:29 INFO  Utils:112 - [Utils] MethodGroupsHelper.sortMethods() took 0 ms.
2025-05-06 17:26:29 INFO  Utils:112 - [Utils] MethodGroupsHelper.collectMethodsByGroup() took 8 ms.
2025-05-06 17:26:30 INFO  Utils:112 - [Utils] MethodGroupsHelper.sortMethods() took 8 ms.
2025-05-06 17:26:30 INFO  Utils:112 - [Utils] MethodGroupsHelper.collectMethodsByGroup() took 0 ms.
2025-05-06 17:26:30 INFO  Utils:112 - [Utils] MethodGroupsHelper.sortMethods() took 0 ms.
2025-05-06 17:26:30 INFO  Utils:112 - [Utils] MethodGroupsHelper.collectMethodsByGroup() took 0 ms.
2025-05-06 17:26:30 INFO  Utils:112 - [Utils] MethodGroupsHelper.sortMethods() took 0 ms.
2025-05-06 17:26:30 INFO  Utils:112 - [Utils] MethodGroupsHelper.collectMethodsByGroup() took 0 ms.
2025-05-06 17:26:30 INFO  Utils:112 - [Utils] MethodGroupsHelper.sortMethods() took 0 ms.
2025-05-06 17:26:30 INFO  Utils:112 - [Utils] MethodGroupsHelper.collectMethodsByGroup() took 0 ms.
2025-05-06 17:26:30 INFO  Utils:112 - [Utils] MethodGroupsHelper.sortMethods() took 0 ms.
2025-05-06 17:26:30 INFO  Utils:112 - [Utils] MethodGroupsHelper.collectMethodsByGroup() took 0 ms.
2025-05-06 17:26:30 INFO  Utils:112 - [Utils] MethodGroupsHelper.sortMethods() took 0 ms.
2025-05-06 17:26:30 INFO  Utils:112 - [Utils] MethodGroupsHelper.collectMethodsByGroup() took 0 ms.
2025-05-06 17:26:30 INFO  Utils:112 - [Utils] MethodGroupsHelper.sortMethods() took 0 ms.
2025-05-06 17:26:30 INFO  Utils:112 - [Utils] MethodGroupsHelper.collectMethodsByGroup() took 0 ms.
2025-05-06 17:26:30 INFO  Utils:112 - [Utils] MethodGroupsHelper.sortMethods() took 0 ms.
2025-05-06 17:26:30 INFO  Utils:112 - [Utils] MethodGroupsHelper.collectMethodsByGroup() took 0 ms.
2025-05-06 17:26:30 INFO  Utils:112 - [Utils] MethodGroupsHelper.sortMethods() took 0 ms.
2025-05-06 17:26:30 INFO  Utils:112 - [Utils] MethodGroupsHelper.collectMethodsByGroup() took 0 ms.
2025-05-06 17:26:30 INFO  Utils:112 - [Utils] MethodGroupsHelper.sortMethods() took 0 ms.
2025-05-06 17:26:30 INFO  Utils:112 - [Utils] MethodGroupsHelper.collectMethodsByGroup() took 0 ms.
2025-05-06 17:26:30 INFO  Utils:112 - [Utils] MethodGroupsHelper.sortMethods() took 0 ms.
2025-05-06 17:26:30 INFO  Utils:112 - [TestNG] Running:
  C:\Users\Jim\AppData\Local\Temp\testng-eclipse-1074473720\testng-customsuite.xml

2025-05-06 17:26:30 INFO  Utils:112 - [Utils] DynamicGraphHelper.createDynamicGraph() took 4 ms.
2025-05-06 17:26:35 INFO  Utils:112 - [TestNG] Time taken by org.testng.reporters.SuiteHTMLReporter@247667dd: 39 ms
2025-05-06 17:26:35 INFO  Utils:112 - [TestNG] Time taken by org.testng.reporters.jq.Main@6ef81f31: 61 ms
2025-05-06 17:26:35 INFO  Utils:112 - [TestNG] Time taken by org.testng.reporters.FailedReporter@76b224cd: 10 ms
2025-05-06 17:26:35 INFO  Utils:112 - [TestNG] Time taken by org.testng.reporters.XMLReporter@23ee75c5: 11 ms
2025-05-06 17:26:35 INFO  Utils:112 - [TestNG] Time taken by org.testng.reporters.EmailableReporter2@c446b14: 8 ms
2025-05-06 17:26:35 INFO  Utils:112 - [TestNG] Time taken by org.testng.reporters.JUnitReportReporter@41aaedaa: 11 ms
2025-05-06 17:26:35 INFO  Utils:112 - [TestNG] Time taken by org.testng.internal.ExitCodeListener@303a5119: 0 ms
2025-05-06 18:07:03 INFO  Utils:112 - [Utils] MethodGroupsHelper.collectMethodsByGroup() took 1 ms.
2025-05-06 18:07:03 INFO  Utils:112 - [Utils] MethodGroupsHelper.sortMethods() took 2 ms.
2025-05-06 18:07:03 INFO  Utils:112 - [Utils] MethodGroupsHelper.collectMethodsByGroup() took 0 ms.
2025-05-06 18:07:03 INFO  Utils:112 - [Utils] MethodGroupsHelper.sortMethods() took 0 ms.
2025-05-06 18:07:03 INFO  Utils:112 - [Utils] MethodGroupsHelper.collectMethodsByGroup() took 0 ms.
2025-05-06 18:07:03 INFO  Utils:112 - [Utils] MethodGroupsHelper.sortMethods() took 0 ms.
2025-05-06 18:07:03 INFO  Utils:112 - [Utils] MethodGroupsHelper.collectMethodsByGroup() took 0 ms.
2025-05-06 18:07:03 INFO  Utils:112 - [Utils] MethodGroupsHelper.sortMethods() took 0 ms.
2025-05-06 18:07:03 INFO  Utils:112 - [Utils] MethodGroupsHelper.collectMethodsByGroup() took 5 ms.
2025-05-06 18:07:03 INFO  Utils:112 - [Utils] MethodGroupsHelper.sortMethods() took 9 ms.
2025-05-06 18:07:03 INFO  Utils:112 - [Utils] MethodGroupsHelper.collectMethodsByGroup() took 0 ms.
2025-05-06 18:07:03 INFO  Utils:112 - [Utils] MethodGroupsHelper.sortMethods() took 0 ms.
2025-05-06 18:07:03 INFO  Utils:112 - [Utils] MethodGroupsHelper.collectMethodsByGroup() took 0 ms.
2025-05-06 18:07:03 INFO  Utils:112 - [Utils] MethodGroupsHelper.sortMethods() took 0 ms.
2025-05-06 18:07:03 INFO  Utils:112 - [Utils] MethodGroupsHelper.collectMethodsByGroup() took 0 ms.
2025-05-06 18:07:03 INFO  Utils:112 - [Utils] MethodGroupsHelper.sortMethods() took 0 ms.
2025-05-06 18:07:03 INFO  Utils:112 - [Utils] MethodGroupsHelper.collectMethodsByGroup() took 0 ms.
2025-05-06 18:07:03 INFO  Utils:112 - [Utils] MethodGroupsHelper.sortMethods() took 0 ms.
2025-05-06 18:07:03 INFO  Utils:112 - [Utils] MethodGroupsHelper.collectMethodsByGroup() took 0 ms.
2025-05-06 18:07:03 INFO  Utils:112 - [Utils] MethodGroupsHelper.sortMethods() took 0 ms.
2025-05-06 18:07:03 INFO  Utils:112 - [Utils] MethodGroupsHelper.collectMethodsByGroup() took 0 ms.
2025-05-06 18:07:03 INFO  Utils:112 - [Utils] MethodGroupsHelper.sortMethods() took 0 ms.
2025-05-06 18:07:03 INFO  Utils:112 - [Utils] MethodGroupsHelper.collectMethodsByGroup() took 0 ms.
2025-05-06 18:07:03 INFO  Utils:112 - [Utils] MethodGroupsHelper.sortMethods() took 0 ms.
2025-05-06 18:07:03 INFO  Utils:112 - [Utils] MethodGroupsHelper.collectMethodsByGroup() took 0 ms.
2025-05-06 18:07:03 INFO  Utils:112 - [Utils] MethodGroupsHelper.sortMethods() took 0 ms.
2025-05-06 18:07:03 INFO  Utils:112 - [Utils] MethodGroupsHelper.collectMethodsByGroup() took 0 ms.
2025-05-06 18:07:03 INFO  Utils:112 - [Utils] MethodGroupsHelper.sortMethods() took 0 ms.
2025-05-06 18:07:03 INFO  Utils:112 - [Utils] MethodGroupsHelper.collectMethodsByGroup() took 0 ms.
2025-05-06 18:07:03 INFO  Utils:112 - [Utils] MethodGroupsHelper.sortMethods() took 0 ms.
2025-05-06 18:07:03 INFO  Utils:112 - [TestNG] Running:
  C:\Users\Jim\AppData\Local\Temp\testng-eclipse--190886624\testng-customsuite.xml

2025-05-06 18:07:03 INFO  Utils:112 - [Utils] DynamicGraphHelper.createDynamicGraph() took 4 ms.
2025-05-06 18:07:18 INFO  Utils:112 - [TestNG] Time taken by org.testng.reporters.SuiteHTMLReporter@5cbb84b1: 83 ms
2025-05-06 18:07:18 INFO  Utils:112 - [TestNG] Time taken by org.testng.reporters.jq.Main@7e8a46b7: 112 ms
2025-05-06 18:07:18 INFO  Utils:112 - [TestNG] Time taken by org.testng.reporters.FailedReporter@102d92c4: 17 ms
2025-05-06 18:07:19 INFO  Utils:112 - [TestNG] Time taken by org.testng.reporters.XMLReporter@10ec523c: 16 ms
2025-05-06 18:07:19 INFO  Utils:112 - [TestNG] Time taken by org.testng.reporters.EmailableReporter2@6b1e7ad3: 11 ms
2025-05-06 18:07:19 INFO  Utils:112 - [TestNG] Time taken by org.testng.reporters.JUnitReportReporter@4fcc0416: 11 ms
2025-05-06 18:07:19 INFO  Utils:112 - [TestNG] Time taken by org.testng.internal.ExitCodeListener@31e32ea2: 0 ms
2025-05-06 18:22:32 INFO  Utils:112 - [Utils] MethodGroupsHelper.collectMethodsByGroup() took 1 ms.
2025-05-06 18:22:32 INFO  Utils:112 - [Utils] MethodGroupsHelper.sortMethods() took 1 ms.
2025-05-06 18:22:32 INFO  Utils:112 - [Utils] MethodGroupsHelper.collectMethodsByGroup() took 0 ms.
2025-05-06 18:22:32 INFO  Utils:112 - [Utils] MethodGroupsHelper.sortMethods() took 0 ms.
2025-05-06 18:22:32 INFO  Utils:112 - [Utils] MethodGroupsHelper.collectMethodsByGroup() took 0 ms.
2025-05-06 18:22:32 INFO  Utils:112 - [Utils] MethodGroupsHelper.sortMethods() took 0 ms.
2025-05-06 18:22:32 INFO  Utils:112 - [Utils] MethodGroupsHelper.collectMethodsByGroup() took 0 ms.
2025-05-06 18:22:32 INFO  Utils:112 - [Utils] MethodGroupsHelper.sortMethods() took 0 ms.
2025-05-06 18:22:32 INFO  Utils:112 - [Utils] MethodGroupsHelper.collectMethodsByGroup() took 6 ms.
2025-05-06 18:22:32 INFO  Utils:112 - [Utils] MethodGroupsHelper.sortMethods() took 17 ms.
2025-05-06 18:22:32 INFO  Utils:112 - [Utils] MethodGroupsHelper.collectMethodsByGroup() took 0 ms.
2025-05-06 18:22:32 INFO  Utils:112 - [Utils] MethodGroupsHelper.sortMethods() took 0 ms.
2025-05-06 18:22:32 INFO  Utils:112 - [Utils] MethodGroupsHelper.collectMethodsByGroup() took 0 ms.
2025-05-06 18:22:32 INFO  Utils:112 - [Utils] MethodGroupsHelper.sortMethods() took 0 ms.
2025-05-06 18:22:32 INFO  Utils:112 - [Utils] MethodGroupsHelper.collectMethodsByGroup() took 0 ms.
2025-05-06 18:22:32 INFO  Utils:112 - [Utils] MethodGroupsHelper.sortMethods() took 0 ms.
2025-05-06 18:22:32 INFO  Utils:112 - [Utils] MethodGroupsHelper.collectMethodsByGroup() took 0 ms.
2025-05-06 18:22:32 INFO  Utils:112 - [Utils] MethodGroupsHelper.sortMethods() took 0 ms.
2025-05-06 18:22:32 INFO  Utils:112 - [Utils] MethodGroupsHelper.collectMethodsByGroup() took 0 ms.
2025-05-06 18:22:32 INFO  Utils:112 - [Utils] MethodGroupsHelper.sortMethods() took 0 ms.
2025-05-06 18:22:32 INFO  Utils:112 - [Utils] MethodGroupsHelper.collectMethodsByGroup() took 0 ms.
2025-05-06 18:22:32 INFO  Utils:112 - [Utils] MethodGroupsHelper.sortMethods() took 0 ms.
2025-05-06 18:22:32 INFO  Utils:112 - [Utils] MethodGroupsHelper.collectMethodsByGroup() took 0 ms.
2025-05-06 18:22:32 INFO  Utils:112 - [Utils] MethodGroupsHelper.sortMethods() took 0 ms.
2025-05-06 18:22:32 INFO  Utils:112 - [Utils] MethodGroupsHelper.collectMethodsByGroup() took 1 ms.
2025-05-06 18:22:32 INFO  Utils:112 - [Utils] MethodGroupsHelper.sortMethods() took 2 ms.
2025-05-06 18:22:32 INFO  Utils:112 - [Utils] MethodGroupsHelper.collectMethodsByGroup() took 0 ms.
2025-05-06 18:22:32 INFO  Utils:112 - [Utils] MethodGroupsHelper.sortMethods() took 0 ms.
2025-05-06 18:22:32 INFO  Utils:112 - [Utils] MethodGroupsHelper.collectMethodsByGroup() took 0 ms.
2025-05-06 18:22:32 INFO  Utils:112 - [Utils] MethodGroupsHelper.sortMethods() took 0 ms.
2025-05-06 18:22:32 INFO  Utils:112 - [TestNG] Running:
  C:\Users\Jim\AppData\Local\Temp\testng-eclipse--1599884189\testng-customsuite.xml

2025-05-06 18:22:32 INFO  Utils:112 - [Utils] DynamicGraphHelper.createDynamicGraph() took 6 ms.
2025-05-06 18:22:43 INFO  Utils:112 - [TestNG] Time taken by org.testng.reporters.SuiteHTMLReporter@30af7377: 48 ms
2025-05-06 18:22:43 INFO  Utils:112 - [TestNG] Time taken by org.testng.reporters.jq.Main@749f539e: 75 ms
2025-05-06 18:22:43 INFO  Utils:112 - [TestNG] Time taken by org.testng.reporters.FailedReporter@65cc8228: 13 ms
2025-05-06 18:22:43 INFO  Utils:112 - [TestNG] Time taken by org.testng.reporters.XMLReporter@7578e06a: 17 ms
2025-05-06 18:22:43 INFO  Utils:112 - [TestNG] Time taken by org.testng.reporters.EmailableReporter2@783efb48: 11 ms
2025-05-06 18:22:43 INFO  Utils:112 - [TestNG] Time taken by org.testng.reporters.JUnitReportReporter@2b0b4d53: 11 ms
2025-05-06 18:22:43 INFO  Utils:112 - [TestNG] Time taken by org.testng.internal.ExitCodeListener@7068f7ca: 0 ms
2025-05-06 18:25:51 INFO  Utils:112 - [Utils] MethodGroupsHelper.collectMethodsByGroup() took 1 ms.
2025-05-06 18:25:51 INFO  Utils:112 - [Utils] MethodGroupsHelper.sortMethods() took 1 ms.
2025-05-06 18:25:51 INFO  Utils:112 - [Utils] MethodGroupsHelper.collectMethodsByGroup() took 0 ms.
2025-05-06 18:25:51 INFO  Utils:112 - [Utils] MethodGroupsHelper.sortMethods() took 0 ms.
2025-05-06 18:25:51 INFO  Utils:112 - [Utils] MethodGroupsHelper.collectMethodsByGroup() took 0 ms.
2025-05-06 18:25:51 INFO  Utils:112 - [Utils] MethodGroupsHelper.sortMethods() took 0 ms.
2025-05-06 18:25:51 INFO  Utils:112 - [Utils] MethodGroupsHelper.collectMethodsByGroup() took 0 ms.
2025-05-06 18:25:51 INFO  Utils:112 - [Utils] MethodGroupsHelper.sortMethods() took 0 ms.
2025-05-06 18:25:51 INFO  Utils:112 - [Utils] MethodGroupsHelper.collectMethodsByGroup() took 7 ms.
2025-05-06 18:25:51 INFO  Utils:112 - [Utils] MethodGroupsHelper.sortMethods() took 11 ms.
2025-05-06 18:25:51 INFO  Utils:112 - [Utils] MethodGroupsHelper.collectMethodsByGroup() took 0 ms.
2025-05-06 18:25:51 INFO  Utils:112 - [Utils] MethodGroupsHelper.sortMethods() took 0 ms.
2025-05-06 18:25:51 INFO  Utils:112 - [Utils] MethodGroupsHelper.collectMethodsByGroup() took 0 ms.
2025-05-06 18:25:51 INFO  Utils:112 - [Utils] MethodGroupsHelper.sortMethods() took 0 ms.
2025-05-06 18:25:51 INFO  Utils:112 - [Utils] MethodGroupsHelper.collectMethodsByGroup() took 0 ms.
2025-05-06 18:25:51 INFO  Utils:112 - [Utils] MethodGroupsHelper.sortMethods() took 0 ms.
2025-05-06 18:25:51 INFO  Utils:112 - [Utils] MethodGroupsHelper.collectMethodsByGroup() took 0 ms.
2025-05-06 18:25:51 INFO  Utils:112 - [Utils] MethodGroupsHelper.sortMethods() took 0 ms.
2025-05-06 18:25:51 INFO  Utils:112 - [Utils] MethodGroupsHelper.collectMethodsByGroup() took 0 ms.
2025-05-06 18:25:51 INFO  Utils:112 - [Utils] MethodGroupsHelper.sortMethods() took 0 ms.
2025-05-06 18:25:51 INFO  Utils:112 - [Utils] MethodGroupsHelper.collectMethodsByGroup() took 0 ms.
2025-05-06 18:25:51 INFO  Utils:112 - [Utils] MethodGroupsHelper.sortMethods() took 0 ms.
2025-05-06 18:25:51 INFO  Utils:112 - [Utils] MethodGroupsHelper.collectMethodsByGroup() took 0 ms.
2025-05-06 18:25:51 INFO  Utils:112 - [Utils] MethodGroupsHelper.sortMethods() took 0 ms.
2025-05-06 18:25:51 INFO  Utils:112 - [Utils] MethodGroupsHelper.collectMethodsByGroup() took 1 ms.
2025-05-06 18:25:51 INFO  Utils:112 - [Utils] MethodGroupsHelper.sortMethods() took 2 ms.
2025-05-06 18:25:51 INFO  Utils:112 - [Utils] MethodGroupsHelper.collectMethodsByGroup() took 0 ms.
2025-05-06 18:25:51 INFO  Utils:112 - [Utils] MethodGroupsHelper.sortMethods() took 0 ms.
2025-05-06 18:25:51 INFO  Utils:112 - [Utils] MethodGroupsHelper.collectMethodsByGroup() took 0 ms.
2025-05-06 18:25:51 INFO  Utils:112 - [Utils] MethodGroupsHelper.sortMethods() took 0 ms.
2025-05-06 18:25:51 INFO  Utils:112 - [TestNG] Running:
  C:\Users\Jim\AppData\Local\Temp\testng-eclipse--2140011993\testng-customsuite.xml

2025-05-06 18:25:51 INFO  Utils:112 - [Utils] DynamicGraphHelper.createDynamicGraph() took 6 ms.
2025-05-06 18:26:00 INFO  Utils:112 - [TestNG] Time taken by org.testng.reporters.SuiteHTMLReporter@5cbb84b1: 36 ms
2025-05-06 18:26:00 INFO  Utils:112 - [TestNG] Time taken by org.testng.reporters.jq.Main@7e8a46b7: 80 ms
2025-05-06 18:26:00 INFO  Utils:112 - [TestNG] Time taken by org.testng.reporters.FailedReporter@2fe88a09: 0 ms
2025-05-06 18:26:00 INFO  Utils:112 - [TestNG] Time taken by org.testng.reporters.XMLReporter@f973499: 18 ms
2025-05-06 18:26:00 INFO  Utils:112 - [TestNG] Time taken by org.testng.reporters.EmailableReporter2@18324f97: 0 ms
2025-05-06 18:26:00 INFO  Utils:112 - [TestNG] Time taken by org.testng.reporters.JUnitReportReporter@2687f956: 20 ms
2025-05-06 18:26:00 INFO  Utils:112 - [TestNG] Time taken by org.testng.internal.ExitCodeListener@1ded7b14: 0 ms
2025-05-06 18:28:53 INFO  Utils:112 - [Utils] MethodGroupsHelper.collectMethodsByGroup() took 0 ms.
2025-05-06 18:28:53 INFO  Utils:112 - [Utils] MethodGroupsHelper.sortMethods() took 2 ms.
2025-05-06 18:28:53 INFO  Utils:112 - [Utils] MethodGroupsHelper.collectMethodsByGroup() took 0 ms.
2025-05-06 18:28:53 INFO  Utils:112 - [Utils] MethodGroupsHelper.sortMethods() took 0 ms.
2025-05-06 18:28:53 INFO  Utils:112 - [Utils] MethodGroupsHelper.collectMethodsByGroup() took 0 ms.
2025-05-06 18:28:53 INFO  Utils:112 - [Utils] MethodGroupsHelper.sortMethods() took 0 ms.
2025-05-06 18:28:53 INFO  Utils:112 - [Utils] MethodGroupsHelper.collectMethodsByGroup() took 0 ms.
2025-05-06 18:28:53 INFO  Utils:112 - [Utils] MethodGroupsHelper.sortMethods() took 0 ms.
2025-05-06 18:28:53 INFO  Utils:112 - [Utils] MethodGroupsHelper.collectMethodsByGroup() took 9 ms.
2025-05-06 18:28:53 INFO  Utils:112 - [Utils] MethodGroupsHelper.sortMethods() took 13 ms.
2025-05-06 18:28:53 INFO  Utils:112 - [Utils] MethodGroupsHelper.collectMethodsByGroup() took 0 ms.
2025-05-06 18:28:53 INFO  Utils:112 - [Utils] MethodGroupsHelper.sortMethods() took 1 ms.
2025-05-06 18:28:53 INFO  Utils:112 - [Utils] MethodGroupsHelper.collectMethodsByGroup() took 0 ms.
2025-05-06 18:28:53 INFO  Utils:112 - [Utils] MethodGroupsHelper.sortMethods() took 0 ms.
2025-05-06 18:28:53 INFO  Utils:112 - [Utils] MethodGroupsHelper.collectMethodsByGroup() took 0 ms.
2025-05-06 18:28:53 INFO  Utils:112 - [Utils] MethodGroupsHelper.sortMethods() took 0 ms.
2025-05-06 18:28:53 INFO  Utils:112 - [Utils] MethodGroupsHelper.collectMethodsByGroup() took 0 ms.
2025-05-06 18:28:53 INFO  Utils:112 - [Utils] MethodGroupsHelper.sortMethods() took 0 ms.
2025-05-06 18:28:53 INFO  Utils:112 - [Utils] MethodGroupsHelper.collectMethodsByGroup() took 0 ms.
2025-05-06 18:28:53 INFO  Utils:112 - [Utils] MethodGroupsHelper.sortMethods() took 0 ms.
2025-05-06 18:28:53 INFO  Utils:112 - [Utils] MethodGroupsHelper.collectMethodsByGroup() took 0 ms.
2025-05-06 18:28:53 INFO  Utils:112 - [Utils] MethodGroupsHelper.sortMethods() took 0 ms.
2025-05-06 18:28:53 INFO  Utils:112 - [Utils] MethodGroupsHelper.collectMethodsByGroup() took 0 ms.
2025-05-06 18:28:53 INFO  Utils:112 - [Utils] MethodGroupsHelper.sortMethods() took 0 ms.
2025-05-06 18:28:53 INFO  Utils:112 - [Utils] MethodGroupsHelper.collectMethodsByGroup() took 0 ms.
2025-05-06 18:28:53 INFO  Utils:112 - [Utils] MethodGroupsHelper.sortMethods() took 1 ms.
2025-05-06 18:28:53 INFO  Utils:112 - [Utils] MethodGroupsHelper.collectMethodsByGroup() took 0 ms.
2025-05-06 18:28:53 INFO  Utils:112 - [Utils] MethodGroupsHelper.sortMethods() took 0 ms.
2025-05-06 18:28:53 INFO  Utils:112 - [Utils] MethodGroupsHelper.collectMethodsByGroup() took 0 ms.
2025-05-06 18:28:53 INFO  Utils:112 - [Utils] MethodGroupsHelper.sortMethods() took 1 ms.
2025-05-06 18:28:53 INFO  Utils:112 - [TestNG] Running:
  C:\Users\Jim\AppData\Local\Temp\testng-eclipse--1271589397\testng-customsuite.xml

2025-05-06 18:28:53 INFO  Utils:112 - [Utils] DynamicGraphHelper.createDynamicGraph() took 5 ms.
2025-05-06 18:29:03 INFO  Utils:112 - [TestNG] Time taken by org.testng.reporters.SuiteHTMLReporter@72805168: 35 ms
2025-05-06 18:29:03 INFO  Utils:112 - [TestNG] Time taken by org.testng.reporters.jq.Main@64f555e7: 66 ms
2025-05-06 18:29:03 INFO  Utils:112 - [TestNG] Time taken by org.testng.reporters.FailedReporter@71178a52: 1 ms
2025-05-06 18:29:03 INFO  Utils:112 - [TestNG] Time taken by org.testng.reporters.XMLReporter@79767781: 6 ms
2025-05-06 18:29:03 INFO  Utils:112 - [TestNG] Time taken by org.testng.reporters.EmailableReporter2@13a37e2a: 6 ms
2025-05-06 18:29:03 INFO  Utils:112 - [TestNG] Time taken by org.testng.reporters.JUnitReportReporter@1473b8c0: 0 ms
2025-05-06 18:29:03 INFO  Utils:112 - [TestNG] Time taken by org.testng.internal.ExitCodeListener@5b5c0057: 0 ms
2025-05-06 18:34:33 INFO  Utils:112 - [Utils] MethodGroupsHelper.collectMethodsByGroup() took 0 ms.
2025-05-06 18:34:33 INFO  Utils:112 - [Utils] MethodGroupsHelper.sortMethods() took 1 ms.
2025-05-06 18:34:33 INFO  Utils:112 - [Utils] MethodGroupsHelper.collectMethodsByGroup() took 0 ms.
2025-05-06 18:34:33 INFO  Utils:112 - [Utils] MethodGroupsHelper.sortMethods() took 0 ms.
2025-05-06 18:34:33 INFO  Utils:112 - [Utils] MethodGroupsHelper.collectMethodsByGroup() took 0 ms.
2025-05-06 18:34:33 INFO  Utils:112 - [Utils] MethodGroupsHelper.sortMethods() took 0 ms.
2025-05-06 18:34:33 INFO  Utils:112 - [Utils] MethodGroupsHelper.collectMethodsByGroup() took 0 ms.
2025-05-06 18:34:33 INFO  Utils:112 - [Utils] MethodGroupsHelper.sortMethods() took 0 ms.
2025-05-06 18:34:33 INFO  Utils:112 - [Utils] MethodGroupsHelper.collectMethodsByGroup() took 4 ms.
2025-05-06 18:34:33 INFO  Utils:112 - [Utils] MethodGroupsHelper.sortMethods() took 11 ms.
2025-05-06 18:34:33 INFO  Utils:112 - [Utils] MethodGroupsHelper.collectMethodsByGroup() took 0 ms.
2025-05-06 18:34:33 INFO  Utils:112 - [Utils] MethodGroupsHelper.sortMethods() took 0 ms.
2025-05-06 18:34:33 INFO  Utils:112 - [Utils] MethodGroupsHelper.collectMethodsByGroup() took 0 ms.
2025-05-06 18:34:33 INFO  Utils:112 - [Utils] MethodGroupsHelper.sortMethods() took 0 ms.
2025-05-06 18:34:33 INFO  Utils:112 - [Utils] MethodGroupsHelper.collectMethodsByGroup() took 0 ms.
2025-05-06 18:34:33 INFO  Utils:112 - [Utils] MethodGroupsHelper.sortMethods() took 0 ms.
2025-05-06 18:34:33 INFO  Utils:112 - [Utils] MethodGroupsHelper.collectMethodsByGroup() took 0 ms.
2025-05-06 18:34:33 INFO  Utils:112 - [Utils] MethodGroupsHelper.sortMethods() took 0 ms.
2025-05-06 18:34:33 INFO  Utils:112 - [Utils] MethodGroupsHelper.collectMethodsByGroup() took 0 ms.
2025-05-06 18:34:33 INFO  Utils:112 - [Utils] MethodGroupsHelper.sortMethods() took 0 ms.
2025-05-06 18:34:33 INFO  Utils:112 - [Utils] MethodGroupsHelper.collectMethodsByGroup() took 0 ms.
2025-05-06 18:34:33 INFO  Utils:112 - [Utils] MethodGroupsHelper.sortMethods() took 0 ms.
2025-05-06 18:34:33 INFO  Utils:112 - [Utils] MethodGroupsHelper.collectMethodsByGroup() took 0 ms.
2025-05-06 18:34:33 INFO  Utils:112 - [Utils] MethodGroupsHelper.sortMethods() took 0 ms.
2025-05-06 18:34:33 INFO  Utils:112 - [Utils] MethodGroupsHelper.collectMethodsByGroup() took 0 ms.
2025-05-06 18:34:33 INFO  Utils:112 - [Utils] MethodGroupsHelper.sortMethods() took 1 ms.
2025-05-06 18:34:33 INFO  Utils:112 - [Utils] MethodGroupsHelper.collectMethodsByGroup() took 0 ms.
2025-05-06 18:34:33 INFO  Utils:112 - [Utils] MethodGroupsHelper.sortMethods() took 0 ms.
2025-05-06 18:34:33 INFO  Utils:112 - [Utils] MethodGroupsHelper.collectMethodsByGroup() took 0 ms.
2025-05-06 18:34:33 INFO  Utils:112 - [Utils] MethodGroupsHelper.sortMethods() took 0 ms.
2025-05-06 18:34:33 INFO  Utils:112 - [TestNG] Running:
  C:\Users\Jim\AppData\Local\Temp\testng-eclipse-781164766\testng-customsuite.xml

2025-05-06 18:34:33 INFO  Utils:112 - [Utils] DynamicGraphHelper.createDynamicGraph() took 3 ms.
2025-05-06 18:34:42 INFO  Utils:112 - [TestNG] Time taken by org.testng.reporters.SuiteHTMLReporter@ddf20fd: 22 ms
2025-05-06 18:34:42 INFO  Utils:112 - [TestNG] Time taken by org.testng.reporters.jq.Main@78411116: 75 ms
2025-05-06 18:34:42 INFO  Utils:112 - [TestNG] Time taken by org.testng.reporters.FailedReporter@aced190: 0 ms
2025-05-06 18:34:42 INFO  Utils:112 - [TestNG] Time taken by org.testng.reporters.XMLReporter@13a37e2a: 8 ms
2025-05-06 18:34:42 INFO  Utils:112 - [TestNG] Time taken by org.testng.reporters.EmailableReporter2@273842a6: 7 ms
2025-05-06 18:34:42 INFO  Utils:112 - [TestNG] Time taken by org.testng.reporters.JUnitReportReporter@27aae97b: 8 ms
2025-05-06 18:34:42 INFO  Utils:112 - [TestNG] Time taken by org.testng.internal.ExitCodeListener@4c9e38: 0 ms
2025-05-06 18:39:19 INFO  Utils:112 - [Utils] MethodGroupsHelper.collectMethodsByGroup() took 1 ms.
2025-05-06 18:39:20 INFO  Utils:112 - [Utils] MethodGroupsHelper.sortMethods() took 1 ms.
2025-05-06 18:39:20 INFO  Utils:112 - [Utils] MethodGroupsHelper.collectMethodsByGroup() took 0 ms.
2025-05-06 18:39:20 INFO  Utils:112 - [Utils] MethodGroupsHelper.sortMethods() took 0 ms.
2025-05-06 18:39:20 INFO  Utils:112 - [Utils] MethodGroupsHelper.collectMethodsByGroup() took 0 ms.
2025-05-06 18:39:20 INFO  Utils:112 - [Utils] MethodGroupsHelper.sortMethods() took 0 ms.
2025-05-06 18:39:20 INFO  Utils:112 - [Utils] MethodGroupsHelper.collectMethodsByGroup() took 0 ms.
2025-05-06 18:39:20 INFO  Utils:112 - [Utils] MethodGroupsHelper.sortMethods() took 0 ms.
2025-05-06 18:39:20 INFO  Utils:112 - [Utils] MethodGroupsHelper.collectMethodsByGroup() took 6 ms.
2025-05-06 18:39:20 INFO  Utils:112 - [Utils] MethodGroupsHelper.sortMethods() took 10 ms.
2025-05-06 18:39:20 INFO  Utils:112 - [Utils] MethodGroupsHelper.collectMethodsByGroup() took 0 ms.
2025-05-06 18:39:20 INFO  Utils:112 - [Utils] MethodGroupsHelper.sortMethods() took 0 ms.
2025-05-06 18:39:20 INFO  Utils:112 - [Utils] MethodGroupsHelper.collectMethodsByGroup() took 0 ms.
2025-05-06 18:39:20 INFO  Utils:112 - [Utils] MethodGroupsHelper.sortMethods() took 0 ms.
2025-05-06 18:39:20 INFO  Utils:112 - [Utils] MethodGroupsHelper.collectMethodsByGroup() took 0 ms.
2025-05-06 18:39:20 INFO  Utils:112 - [Utils] MethodGroupsHelper.sortMethods() took 0 ms.
2025-05-06 18:39:20 INFO  Utils:112 - [Utils] MethodGroupsHelper.collectMethodsByGroup() took 0 ms.
2025-05-06 18:39:20 INFO  Utils:112 - [Utils] MethodGroupsHelper.sortMethods() took 0 ms.
2025-05-06 18:39:20 INFO  Utils:112 - [Utils] MethodGroupsHelper.collectMethodsByGroup() took 0 ms.
2025-05-06 18:39:20 INFO  Utils:112 - [Utils] MethodGroupsHelper.sortMethods() took 0 ms.
2025-05-06 18:39:20 INFO  Utils:112 - [Utils] MethodGroupsHelper.collectMethodsByGroup() took 0 ms.
2025-05-06 18:39:20 INFO  Utils:112 - [Utils] MethodGroupsHelper.sortMethods() took 0 ms.
2025-05-06 18:39:20 INFO  Utils:112 - [Utils] MethodGroupsHelper.collectMethodsByGroup() took 0 ms.
2025-05-06 18:39:20 INFO  Utils:112 - [Utils] MethodGroupsHelper.sortMethods() took 0 ms.
2025-05-06 18:39:20 INFO  Utils:112 - [Utils] MethodGroupsHelper.collectMethodsByGroup() took 0 ms.
2025-05-06 18:39:20 INFO  Utils:112 - [Utils] MethodGroupsHelper.sortMethods() took 1 ms.
2025-05-06 18:39:20 INFO  Utils:112 - [Utils] MethodGroupsHelper.collectMethodsByGroup() took 0 ms.
2025-05-06 18:39:20 INFO  Utils:112 - [Utils] MethodGroupsHelper.sortMethods() took 0 ms.
2025-05-06 18:39:20 INFO  Utils:112 - [Utils] MethodGroupsHelper.collectMethodsByGroup() took 0 ms.
2025-05-06 18:39:20 INFO  Utils:112 - [Utils] MethodGroupsHelper.sortMethods() took 0 ms.
2025-05-06 18:39:20 INFO  Utils:112 - [TestNG] Running:
  C:\Users\Jim\AppData\Local\Temp\testng-eclipse-1224994786\testng-customsuite.xml

2025-05-06 18:39:20 INFO  Utils:112 - [Utils] DynamicGraphHelper.createDynamicGraph() took 4 ms.
2025-05-06 18:39:32 INFO  Utils:112 - [TestNG] Time taken by org.testng.reporters.SuiteHTMLReporter@2abc224d: 37 ms
2025-05-06 18:39:32 INFO  Utils:112 - [TestNG] Time taken by org.testng.reporters.jq.Main@51751e5f: 75 ms
2025-05-06 18:39:32 INFO  Utils:112 - [TestNG] Time taken by org.testng.reporters.FailedReporter@2b0b4d53: 0 ms
2025-05-06 18:39:32 INFO  Utils:112 - [TestNG] Time taken by org.testng.reporters.XMLReporter@a7f0ab6: 8 ms
2025-05-06 18:39:32 INFO  Utils:112 - [TestNG] Time taken by org.testng.reporters.EmailableReporter2@27f74733: 11 ms
2025-05-06 18:39:32 INFO  Utils:112 - [TestNG] Time taken by org.testng.reporters.JUnitReportReporter@417d6615: 13 ms
2025-05-06 18:39:32 INFO  Utils:112 - [TestNG] Time taken by org.testng.internal.ExitCodeListener@7a6ebe1e: 0 ms
2025-05-06 18:44:23 INFO  Utils:112 - [Utils] MethodGroupsHelper.collectMethodsByGroup() took 0 ms.
2025-05-06 18:44:23 INFO  Utils:112 - [Utils] MethodGroupsHelper.sortMethods() took 1 ms.
2025-05-06 18:44:23 INFO  Utils:112 - [Utils] MethodGroupsHelper.collectMethodsByGroup() took 0 ms.
2025-05-06 18:44:23 INFO  Utils:112 - [Utils] MethodGroupsHelper.sortMethods() took 0 ms.
2025-05-06 18:44:23 INFO  Utils:112 - [Utils] MethodGroupsHelper.collectMethodsByGroup() took 0 ms.
2025-05-06 18:44:23 INFO  Utils:112 - [Utils] MethodGroupsHelper.sortMethods() took 0 ms.
2025-05-06 18:44:23 INFO  Utils:112 - [Utils] MethodGroupsHelper.collectMethodsByGroup() took 0 ms.
2025-05-06 18:44:23 INFO  Utils:112 - [Utils] MethodGroupsHelper.sortMethods() took 0 ms.
2025-05-06 18:44:23 INFO  Utils:112 - [Utils] MethodGroupsHelper.collectMethodsByGroup() took 7 ms.
2025-05-06 18:44:23 INFO  Utils:112 - [Utils] MethodGroupsHelper.sortMethods() took 7 ms.
2025-05-06 18:44:23 INFO  Utils:112 - [Utils] MethodGroupsHelper.collectMethodsByGroup() took 0 ms.
2025-05-06 18:44:23 INFO  Utils:112 - [Utils] MethodGroupsHelper.sortMethods() took 0 ms.
2025-05-06 18:44:23 INFO  Utils:112 - [Utils] MethodGroupsHelper.collectMethodsByGroup() took 0 ms.
2025-05-06 18:44:23 INFO  Utils:112 - [Utils] MethodGroupsHelper.sortMethods() took 0 ms.
2025-05-06 18:44:23 INFO  Utils:112 - [Utils] MethodGroupsHelper.collectMethodsByGroup() took 0 ms.
2025-05-06 18:44:23 INFO  Utils:112 - [Utils] MethodGroupsHelper.sortMethods() took 0 ms.
2025-05-06 18:44:23 INFO  Utils:112 - [Utils] MethodGroupsHelper.collectMethodsByGroup() took 0 ms.
2025-05-06 18:44:23 INFO  Utils:112 - [Utils] MethodGroupsHelper.sortMethods() took 0 ms.
2025-05-06 18:44:23 INFO  Utils:112 - [Utils] MethodGroupsHelper.collectMethodsByGroup() took 0 ms.
2025-05-06 18:44:23 INFO  Utils:112 - [Utils] MethodGroupsHelper.sortMethods() took 0 ms.
2025-05-06 18:44:23 INFO  Utils:112 - [Utils] MethodGroupsHelper.collectMethodsByGroup() took 0 ms.
2025-05-06 18:44:23 INFO  Utils:112 - [Utils] MethodGroupsHelper.sortMethods() took 0 ms.
2025-05-06 18:44:23 INFO  Utils:112 - [Utils] MethodGroupsHelper.collectMethodsByGroup() took 0 ms.
2025-05-06 18:44:23 INFO  Utils:112 - [Utils] MethodGroupsHelper.sortMethods() took 0 ms.
2025-05-06 18:44:23 INFO  Utils:112 - [Utils] MethodGroupsHelper.collectMethodsByGroup() took 0 ms.
2025-05-06 18:44:23 INFO  Utils:112 - [Utils] MethodGroupsHelper.sortMethods() took 2 ms.
2025-05-06 18:44:23 INFO  Utils:112 - [Utils] MethodGroupsHelper.collectMethodsByGroup() took 0 ms.
2025-05-06 18:44:23 INFO  Utils:112 - [Utils] MethodGroupsHelper.sortMethods() took 0 ms.
2025-05-06 18:44:23 INFO  Utils:112 - [Utils] MethodGroupsHelper.collectMethodsByGroup() took 0 ms.
2025-05-06 18:44:23 INFO  Utils:112 - [Utils] MethodGroupsHelper.sortMethods() took 0 ms.
2025-05-06 18:44:23 INFO  Utils:112 - [TestNG] Running:
  C:\Users\Jim\AppData\Local\Temp\testng-eclipse-470531197\testng-customsuite.xml

2025-05-06 18:44:23 INFO  Utils:112 - [Utils] DynamicGraphHelper.createDynamicGraph() took 2 ms.
2025-05-06 18:44:36 INFO  Utils:112 - [TestNG] Time taken by org.testng.reporters.SuiteHTMLReporter@1ddd3478: 29 ms
2025-05-06 18:44:36 INFO  Utils:112 - [TestNG] Time taken by org.testng.reporters.jq.Main@73877e19: 61 ms
2025-05-06 18:44:36 INFO  Utils:112 - [TestNG] Time taken by org.testng.reporters.FailedReporter@7b208b45: 0 ms
2025-05-06 18:44:36 INFO  Utils:112 - [TestNG] Time taken by org.testng.reporters.XMLReporter@38548b19: 9 ms
2025-05-06 18:44:36 INFO  Utils:112 - [TestNG] Time taken by org.testng.reporters.EmailableReporter2@425d5d46: 6 ms
2025-05-06 18:44:36 INFO  Utils:112 - [TestNG] Time taken by org.testng.reporters.JUnitReportReporter@66596a88: 7 ms
2025-05-06 18:44:36 INFO  Utils:112 - [TestNG] Time taken by org.testng.internal.ExitCodeListener@5aae8eb5: 0 ms
2025-05-06 18:47:01 INFO  Utils:112 - [Utils] MethodGroupsHelper.collectMethodsByGroup() took 1 ms.
2025-05-06 18:47:01 INFO  Utils:112 - [Utils] MethodGroupsHelper.sortMethods() took 1 ms.
2025-05-06 18:47:01 INFO  Utils:112 - [Utils] MethodGroupsHelper.collectMethodsByGroup() took 0 ms.
2025-05-06 18:47:01 INFO  Utils:112 - [Utils] MethodGroupsHelper.sortMethods() took 0 ms.
2025-05-06 18:47:01 INFO  Utils:112 - [Utils] MethodGroupsHelper.collectMethodsByGroup() took 0 ms.
2025-05-06 18:47:01 INFO  Utils:112 - [Utils] MethodGroupsHelper.sortMethods() took 0 ms.
2025-05-06 18:47:01 INFO  Utils:112 - [Utils] MethodGroupsHelper.collectMethodsByGroup() took 0 ms.
2025-05-06 18:47:01 INFO  Utils:112 - [Utils] MethodGroupsHelper.sortMethods() took 0 ms.
2025-05-06 18:47:01 INFO  Utils:112 - [Utils] MethodGroupsHelper.collectMethodsByGroup() took 6 ms.
2025-05-06 18:47:01 INFO  Utils:112 - [Utils] MethodGroupsHelper.sortMethods() took 8 ms.
2025-05-06 18:47:01 INFO  Utils:112 - [Utils] MethodGroupsHelper.collectMethodsByGroup() took 0 ms.
2025-05-06 18:47:01 INFO  Utils:112 - [Utils] MethodGroupsHelper.sortMethods() took 0 ms.
2025-05-06 18:47:01 INFO  Utils:112 - [Utils] MethodGroupsHelper.collectMethodsByGroup() took 0 ms.
2025-05-06 18:47:01 INFO  Utils:112 - [Utils] MethodGroupsHelper.sortMethods() took 0 ms.
2025-05-06 18:47:01 INFO  Utils:112 - [Utils] MethodGroupsHelper.collectMethodsByGroup() took 0 ms.
2025-05-06 18:47:01 INFO  Utils:112 - [Utils] MethodGroupsHelper.sortMethods() took 0 ms.
2025-05-06 18:47:01 INFO  Utils:112 - [Utils] MethodGroupsHelper.collectMethodsByGroup() took 0 ms.
2025-05-06 18:47:01 INFO  Utils:112 - [Utils] MethodGroupsHelper.sortMethods() took 0 ms.
2025-05-06 18:47:01 INFO  Utils:112 - [Utils] MethodGroupsHelper.collectMethodsByGroup() took 0 ms.
2025-05-06 18:47:01 INFO  Utils:112 - [Utils] MethodGroupsHelper.sortMethods() took 0 ms.
2025-05-06 18:47:01 INFO  Utils:112 - [Utils] MethodGroupsHelper.collectMethodsByGroup() took 0 ms.
2025-05-06 18:47:01 INFO  Utils:112 - [Utils] MethodGroupsHelper.sortMethods() took 0 ms.
2025-05-06 18:47:01 INFO  Utils:112 - [Utils] MethodGroupsHelper.collectMethodsByGroup() took 0 ms.
2025-05-06 18:47:01 INFO  Utils:112 - [Utils] MethodGroupsHelper.sortMethods() took 0 ms.
2025-05-06 18:47:01 INFO  Utils:112 - [Utils] MethodGroupsHelper.collectMethodsByGroup() took 0 ms.
2025-05-06 18:47:01 INFO  Utils:112 - [Utils] MethodGroupsHelper.sortMethods() took 1 ms.
2025-05-06 18:47:01 INFO  Utils:112 - [Utils] MethodGroupsHelper.collectMethodsByGroup() took 0 ms.
2025-05-06 18:47:01 INFO  Utils:112 - [Utils] MethodGroupsHelper.sortMethods() took 0 ms.
2025-05-06 18:47:01 INFO  Utils:112 - [Utils] MethodGroupsHelper.collectMethodsByGroup() took 0 ms.
2025-05-06 18:47:01 INFO  Utils:112 - [Utils] MethodGroupsHelper.sortMethods() took 0 ms.
2025-05-06 18:47:01 INFO  Utils:112 - [TestNG] Running:
  C:\Users\Jim\AppData\Local\Temp\testng-eclipse--1897599928\testng-customsuite.xml

2025-05-06 18:47:01 INFO  Utils:112 - [Utils] DynamicGraphHelper.createDynamicGraph() took 4 ms.
2025-05-06 18:47:22 INFO  Utils:112 - [TestNG] Time taken by org.testng.reporters.SuiteHTMLReporter@3241713e: 32 ms
2025-05-06 18:47:22 INFO  Utils:112 - [TestNG] Time taken by org.testng.reporters.jq.Main@3af356f: 63 ms
2025-05-06 18:47:22 INFO  Utils:112 - [TestNG] Time taken by org.testng.reporters.FailedReporter@2a49fe: 26 ms
2025-05-06 18:47:22 INFO  Utils:112 - [TestNG] Time taken by org.testng.reporters.XMLReporter@6272c96f: 14 ms
2025-05-06 18:47:22 INFO  Utils:112 - [TestNG] Time taken by org.testng.reporters.EmailableReporter2@267517e4: 7 ms
2025-05-06 18:47:22 INFO  Utils:112 - [TestNG] Time taken by org.testng.reporters.JUnitReportReporter@322803db: 0 ms
2025-05-06 18:47:22 INFO  Utils:112 - [TestNG] Time taken by org.testng.internal.ExitCodeListener@56ba8773: 0 ms
2025-05-06 18:50:45 INFO  Utils:112 - [Utils] MethodGroupsHelper.collectMethodsByGroup() took 1 ms.
2025-05-06 18:50:45 INFO  Utils:112 - [Utils] MethodGroupsHelper.sortMethods() took 1 ms.
2025-05-06 18:50:45 INFO  Utils:112 - [Utils] MethodGroupsHelper.collectMethodsByGroup() took 0 ms.
2025-05-06 18:50:45 INFO  Utils:112 - [Utils] MethodGroupsHelper.sortMethods() took 0 ms.
2025-05-06 18:50:45 INFO  Utils:112 - [Utils] MethodGroupsHelper.collectMethodsByGroup() took 0 ms.
2025-05-06 18:50:45 INFO  Utils:112 - [Utils] MethodGroupsHelper.sortMethods() took 0 ms.
2025-05-06 18:50:45 INFO  Utils:112 - [Utils] MethodGroupsHelper.collectMethodsByGroup() took 0 ms.
2025-05-06 18:50:45 INFO  Utils:112 - [Utils] MethodGroupsHelper.sortMethods() took 0 ms.
2025-05-06 18:50:45 INFO  Utils:112 - [Utils] MethodGroupsHelper.collectMethodsByGroup() took 6 ms.
2025-05-06 18:50:45 INFO  Utils:112 - [Utils] MethodGroupsHelper.sortMethods() took 11 ms.
2025-05-06 18:50:45 INFO  Utils:112 - [Utils] MethodGroupsHelper.collectMethodsByGroup() took 0 ms.
2025-05-06 18:50:45 INFO  Utils:112 - [Utils] MethodGroupsHelper.sortMethods() took 0 ms.
2025-05-06 18:50:45 INFO  Utils:112 - [Utils] MethodGroupsHelper.collectMethodsByGroup() took 0 ms.
2025-05-06 18:50:45 INFO  Utils:112 - [Utils] MethodGroupsHelper.sortMethods() took 0 ms.
2025-05-06 18:50:45 INFO  Utils:112 - [Utils] MethodGroupsHelper.collectMethodsByGroup() took 0 ms.
2025-05-06 18:50:45 INFO  Utils:112 - [Utils] MethodGroupsHelper.sortMethods() took 0 ms.
2025-05-06 18:50:45 INFO  Utils:112 - [Utils] MethodGroupsHelper.collectMethodsByGroup() took 0 ms.
2025-05-06 18:50:45 INFO  Utils:112 - [Utils] MethodGroupsHelper.sortMethods() took 0 ms.
2025-05-06 18:50:45 INFO  Utils:112 - [Utils] MethodGroupsHelper.collectMethodsByGroup() took 0 ms.
2025-05-06 18:50:45 INFO  Utils:112 - [Utils] MethodGroupsHelper.sortMethods() took 0 ms.
2025-05-06 18:50:45 INFO  Utils:112 - [Utils] MethodGroupsHelper.collectMethodsByGroup() took 0 ms.
2025-05-06 18:50:45 INFO  Utils:112 - [Utils] MethodGroupsHelper.sortMethods() took 0 ms.
2025-05-06 18:50:45 INFO  Utils:112 - [Utils] MethodGroupsHelper.collectMethodsByGroup() took 0 ms.
2025-05-06 18:50:45 INFO  Utils:112 - [Utils] MethodGroupsHelper.sortMethods() took 0 ms.
2025-05-06 18:50:45 INFO  Utils:112 - [Utils] MethodGroupsHelper.collectMethodsByGroup() took 1 ms.
2025-05-06 18:50:45 INFO  Utils:112 - [Utils] MethodGroupsHelper.sortMethods() took 2 ms.
2025-05-06 18:50:45 INFO  Utils:112 - [Utils] MethodGroupsHelper.collectMethodsByGroup() took 0 ms.
2025-05-06 18:50:45 INFO  Utils:112 - [Utils] MethodGroupsHelper.sortMethods() took 0 ms.
2025-05-06 18:50:45 INFO  Utils:112 - [Utils] MethodGroupsHelper.collectMethodsByGroup() took 0 ms.
2025-05-06 18:50:45 INFO  Utils:112 - [Utils] MethodGroupsHelper.sortMethods() took 0 ms.
2025-05-06 18:50:45 INFO  Utils:112 - [TestNG] Running:
  C:\Users\Jim\AppData\Local\Temp\testng-eclipse-1092961851\testng-customsuite.xml

2025-05-06 18:50:45 INFO  Utils:112 - [Utils] DynamicGraphHelper.createDynamicGraph() took 4 ms.
2025-05-06 18:50:58 INFO  Utils:112 - [TestNG] Time taken by org.testng.reporters.SuiteHTMLReporter@783ec989: 46 ms
2025-05-06 18:50:58 INFO  Utils:112 - [TestNG] Time taken by org.testng.reporters.jq.Main@11841b15: 77 ms
2025-05-06 18:50:58 INFO  Utils:112 - [TestNG] Time taken by org.testng.reporters.FailedReporter@73877e19: 0 ms
2025-05-06 18:50:58 INFO  Utils:112 - [TestNG] Time taken by org.testng.reporters.XMLReporter@7068f7ca: 10 ms
2025-05-06 18:50:58 INFO  Utils:112 - [TestNG] Time taken by org.testng.reporters.EmailableReporter2@3005db4a: 10 ms
2025-05-06 18:50:58 INFO  Utils:112 - [TestNG] Time taken by org.testng.reporters.JUnitReportReporter@2a49fe: 10 ms
2025-05-06 18:50:58 INFO  Utils:112 - [TestNG] Time taken by org.testng.internal.ExitCodeListener@66596a88: 0 ms
2025-05-06 18:54:32 INFO  Utils:112 - [Utils] MethodGroupsHelper.collectMethodsByGroup() took 0 ms.
2025-05-06 18:54:32 INFO  Utils:112 - [Utils] MethodGroupsHelper.sortMethods() took 0 ms.
2025-05-06 18:54:32 INFO  Utils:112 - [Utils] MethodGroupsHelper.collectMethodsByGroup() took 0 ms.
2025-05-06 18:54:32 INFO  Utils:112 - [Utils] MethodGroupsHelper.sortMethods() took 0 ms.
2025-05-06 18:54:32 INFO  Utils:112 - [Utils] MethodGroupsHelper.collectMethodsByGroup() took 0 ms.
2025-05-06 18:54:32 INFO  Utils:112 - [Utils] MethodGroupsHelper.sortMethods() took 0 ms.
2025-05-06 18:54:32 INFO  Utils:112 - [Utils] MethodGroupsHelper.collectMethodsByGroup() took 0 ms.
2025-05-06 18:54:32 INFO  Utils:112 - [Utils] MethodGroupsHelper.sortMethods() took 0 ms.
2025-05-06 18:54:32 INFO  Utils:112 - [Utils] MethodGroupsHelper.collectMethodsByGroup() took 9 ms.
2025-05-06 18:54:32 INFO  Utils:112 - [Utils] MethodGroupsHelper.sortMethods() took 12 ms.
2025-05-06 18:54:32 INFO  Utils:112 - [Utils] MethodGroupsHelper.collectMethodsByGroup() took 0 ms.
2025-05-06 18:54:32 INFO  Utils:112 - [Utils] MethodGroupsHelper.sortMethods() took 0 ms.
2025-05-06 18:54:32 INFO  Utils:112 - [Utils] MethodGroupsHelper.collectMethodsByGroup() took 0 ms.
2025-05-06 18:54:32 INFO  Utils:112 - [Utils] MethodGroupsHelper.sortMethods() took 0 ms.
2025-05-06 18:54:32 INFO  Utils:112 - [Utils] MethodGroupsHelper.collectMethodsByGroup() took 0 ms.
2025-05-06 18:54:32 INFO  Utils:112 - [Utils] MethodGroupsHelper.sortMethods() took 0 ms.
2025-05-06 18:54:32 INFO  Utils:112 - [Utils] MethodGroupsHelper.collectMethodsByGroup() took 0 ms.
2025-05-06 18:54:32 INFO  Utils:112 - [Utils] MethodGroupsHelper.sortMethods() took 0 ms.
2025-05-06 18:54:32 INFO  Utils:112 - [Utils] MethodGroupsHelper.collectMethodsByGroup() took 0 ms.
2025-05-06 18:54:32 INFO  Utils:112 - [Utils] MethodGroupsHelper.sortMethods() took 0 ms.
2025-05-06 18:54:32 INFO  Utils:112 - [Utils] MethodGroupsHelper.collectMethodsByGroup() took 0 ms.
2025-05-06 18:54:32 INFO  Utils:112 - [Utils] MethodGroupsHelper.sortMethods() took 0 ms.
2025-05-06 18:54:32 INFO  Utils:112 - [Utils] MethodGroupsHelper.collectMethodsByGroup() took 0 ms.
2025-05-06 18:54:32 INFO  Utils:112 - [Utils] MethodGroupsHelper.sortMethods() took 0 ms.
2025-05-06 18:54:32 INFO  Utils:112 - [Utils] MethodGroupsHelper.collectMethodsByGroup() took 1 ms.
2025-05-06 18:54:32 INFO  Utils:112 - [Utils] MethodGroupsHelper.sortMethods() took 1 ms.
2025-05-06 18:54:32 INFO  Utils:112 - [Utils] MethodGroupsHelper.collectMethodsByGroup() took 0 ms.
2025-05-06 18:54:32 INFO  Utils:112 - [Utils] MethodGroupsHelper.sortMethods() took 0 ms.
2025-05-06 18:54:32 INFO  Utils:112 - [Utils] MethodGroupsHelper.collectMethodsByGroup() took 0 ms.
2025-05-06 18:54:32 INFO  Utils:112 - [Utils] MethodGroupsHelper.sortMethods() took 0 ms.
2025-05-06 18:54:32 INFO  Utils:112 - [TestNG] Running:
  C:\Users\Jim\AppData\Local\Temp\testng-eclipse--727564319\testng-customsuite.xml

2025-05-06 18:54:32 INFO  Utils:112 - [Utils] DynamicGraphHelper.createDynamicGraph() took 4 ms.
2025-05-06 18:54:44 INFO  Utils:112 - [TestNG] Time taken by org.testng.reporters.SuiteHTMLReporter@21ab988f: 27 ms
2025-05-06 18:54:44 INFO  Utils:112 - [TestNG] Time taken by org.testng.reporters.jq.Main@982bb90: 49 ms
2025-05-06 18:54:44 INFO  Utils:112 - [TestNG] Time taken by org.testng.reporters.FailedReporter@27f74733: 0 ms
2025-05-06 18:54:44 INFO  Utils:112 - [TestNG] Time taken by org.testng.reporters.XMLReporter@3c89bb12: 19 ms
2025-05-06 18:54:44 INFO  Utils:112 - [TestNG] Time taken by org.testng.reporters.EmailableReporter2@6f8e0cee: 7 ms
2025-05-06 18:54:44 INFO  Utils:112 - [TestNG] Time taken by org.testng.reporters.JUnitReportReporter@7dd00705: 7 ms
2025-05-06 18:54:44 INFO  Utils:112 - [TestNG] Time taken by org.testng.internal.ExitCodeListener@f14e5bf: 0 ms
2025-05-06 18:56:47 INFO  Utils:112 - [Utils] MethodGroupsHelper.collectMethodsByGroup() took 0 ms.
2025-05-06 18:56:47 INFO  Utils:112 - [Utils] MethodGroupsHelper.sortMethods() took 1 ms.
2025-05-06 18:56:47 INFO  Utils:112 - [Utils] MethodGroupsHelper.collectMethodsByGroup() took 0 ms.
2025-05-06 18:56:47 INFO  Utils:112 - [Utils] MethodGroupsHelper.sortMethods() took 0 ms.
2025-05-06 18:56:47 INFO  Utils:112 - [Utils] MethodGroupsHelper.collectMethodsByGroup() took 0 ms.
2025-05-06 18:56:47 INFO  Utils:112 - [Utils] MethodGroupsHelper.sortMethods() took 0 ms.
2025-05-06 18:56:47 INFO  Utils:112 - [Utils] MethodGroupsHelper.collectMethodsByGroup() took 0 ms.
2025-05-06 18:56:47 INFO  Utils:112 - [Utils] MethodGroupsHelper.sortMethods() took 0 ms.
2025-05-06 18:56:47 INFO  Utils:112 - [Utils] MethodGroupsHelper.collectMethodsByGroup() took 7 ms.
2025-05-06 18:56:47 INFO  Utils:112 - [Utils] MethodGroupsHelper.sortMethods() took 13 ms.
2025-05-06 18:56:47 INFO  Utils:112 - [Utils] MethodGroupsHelper.collectMethodsByGroup() took 0 ms.
2025-05-06 18:56:47 INFO  Utils:112 - [Utils] MethodGroupsHelper.sortMethods() took 0 ms.
2025-05-06 18:56:47 INFO  Utils:112 - [Utils] MethodGroupsHelper.collectMethodsByGroup() took 0 ms.
2025-05-06 18:56:47 INFO  Utils:112 - [Utils] MethodGroupsHelper.sortMethods() took 0 ms.
2025-05-06 18:56:47 INFO  Utils:112 - [Utils] MethodGroupsHelper.collectMethodsByGroup() took 0 ms.
2025-05-06 18:56:47 INFO  Utils:112 - [Utils] MethodGroupsHelper.sortMethods() took 0 ms.
2025-05-06 18:56:47 INFO  Utils:112 - [Utils] MethodGroupsHelper.collectMethodsByGroup() took 0 ms.
2025-05-06 18:56:47 INFO  Utils:112 - [Utils] MethodGroupsHelper.sortMethods() took 0 ms.
2025-05-06 18:56:47 INFO  Utils:112 - [Utils] MethodGroupsHelper.collectMethodsByGroup() took 0 ms.
2025-05-06 18:56:47 INFO  Utils:112 - [Utils] MethodGroupsHelper.sortMethods() took 0 ms.
2025-05-06 18:56:47 INFO  Utils:112 - [Utils] MethodGroupsHelper.collectMethodsByGroup() took 0 ms.
2025-05-06 18:56:47 INFO  Utils:112 - [Utils] MethodGroupsHelper.sortMethods() took 0 ms.
2025-05-06 18:56:47 INFO  Utils:112 - [Utils] MethodGroupsHelper.collectMethodsByGroup() took 0 ms.
2025-05-06 18:56:47 INFO  Utils:112 - [Utils] MethodGroupsHelper.sortMethods() took 0 ms.
2025-05-06 18:56:47 INFO  Utils:112 - [Utils] MethodGroupsHelper.collectMethodsByGroup() took 0 ms.
2025-05-06 18:56:47 INFO  Utils:112 - [Utils] MethodGroupsHelper.sortMethods() took 2 ms.
2025-05-06 18:56:47 INFO  Utils:112 - [Utils] MethodGroupsHelper.collectMethodsByGroup() took 0 ms.
2025-05-06 18:56:47 INFO  Utils:112 - [Utils] MethodGroupsHelper.sortMethods() took 0 ms.
2025-05-06 18:56:47 INFO  Utils:112 - [Utils] MethodGroupsHelper.collectMethodsByGroup() took 0 ms.
2025-05-06 18:56:47 INFO  Utils:112 - [Utils] MethodGroupsHelper.sortMethods() took 1 ms.
2025-05-06 18:56:48 INFO  Utils:112 - [TestNG] Running:
  C:\Users\Jim\AppData\Local\Temp\testng-eclipse-2010741220\testng-customsuite.xml

2025-05-06 18:56:48 INFO  Utils:112 - [Utils] DynamicGraphHelper.createDynamicGraph() took 3 ms.
2025-05-06 18:57:02 INFO  Utils:112 - [TestNG] Time taken by org.testng.reporters.SuiteHTMLReporter@3005db4a: 19 ms
2025-05-06 18:57:02 INFO  Utils:112 - [TestNG] Time taken by org.testng.reporters.jq.Main@2032e725: 75 ms
2025-05-06 18:57:02 INFO  Utils:112 - [TestNG] Time taken by org.testng.reporters.FailedReporter@4d23015c: 0 ms
2025-05-06 18:57:02 INFO  Utils:112 - [TestNG] Time taken by org.testng.reporters.XMLReporter@1a5f7e7c: 8 ms
2025-05-06 18:57:02 INFO  Utils:112 - [TestNG] Time taken by org.testng.reporters.EmailableReporter2@2fc07784: 9 ms
2025-05-06 18:57:02 INFO  Utils:112 - [TestNG] Time taken by org.testng.reporters.JUnitReportReporter@f2e4acf: 7 ms
2025-05-06 18:57:02 INFO  Utils:112 - [TestNG] Time taken by org.testng.internal.ExitCodeListener@24097e9b: 1 ms
2025-05-06 18:58:34 INFO  Utils:112 - [Utils] MethodGroupsHelper.collectMethodsByGroup() took 1 ms.
2025-05-06 18:58:34 INFO  Utils:112 - [Utils] MethodGroupsHelper.sortMethods() took 2 ms.
2025-05-06 18:58:34 INFO  Utils:112 - [Utils] MethodGroupsHelper.collectMethodsByGroup() took 0 ms.
2025-05-06 18:58:34 INFO  Utils:112 - [Utils] MethodGroupsHelper.sortMethods() took 0 ms.
2025-05-06 18:58:34 INFO  Utils:112 - [Utils] MethodGroupsHelper.collectMethodsByGroup() took 0 ms.
2025-05-06 18:58:34 INFO  Utils:112 - [Utils] MethodGroupsHelper.sortMethods() took 0 ms.
2025-05-06 18:58:34 INFO  Utils:112 - [Utils] MethodGroupsHelper.collectMethodsByGroup() took 0 ms.
2025-05-06 18:58:34 INFO  Utils:112 - [Utils] MethodGroupsHelper.sortMethods() took 0 ms.
2025-05-06 18:58:34 INFO  Utils:112 - [Utils] MethodGroupsHelper.collectMethodsByGroup() took 6 ms.
2025-05-06 18:58:34 INFO  Utils:112 - [Utils] MethodGroupsHelper.sortMethods() took 12 ms.
2025-05-06 18:58:34 INFO  Utils:112 - [Utils] MethodGroupsHelper.collectMethodsByGroup() took 0 ms.
2025-05-06 18:58:34 INFO  Utils:112 - [Utils] MethodGroupsHelper.sortMethods() took 0 ms.
2025-05-06 18:58:34 INFO  Utils:112 - [Utils] MethodGroupsHelper.collectMethodsByGroup() took 0 ms.
2025-05-06 18:58:34 INFO  Utils:112 - [Utils] MethodGroupsHelper.sortMethods() took 0 ms.
2025-05-06 18:58:34 INFO  Utils:112 - [Utils] MethodGroupsHelper.collectMethodsByGroup() took 0 ms.
2025-05-06 18:58:34 INFO  Utils:112 - [Utils] MethodGroupsHelper.sortMethods() took 0 ms.
2025-05-06 18:58:34 INFO  Utils:112 - [Utils] MethodGroupsHelper.collectMethodsByGroup() took 0 ms.
2025-05-06 18:58:34 INFO  Utils:112 - [Utils] MethodGroupsHelper.sortMethods() took 0 ms.
2025-05-06 18:58:34 INFO  Utils:112 - [Utils] MethodGroupsHelper.collectMethodsByGroup() took 0 ms.
2025-05-06 18:58:34 INFO  Utils:112 - [Utils] MethodGroupsHelper.sortMethods() took 0 ms.
2025-05-06 18:58:34 INFO  Utils:112 - [Utils] MethodGroupsHelper.collectMethodsByGroup() took 0 ms.
2025-05-06 18:58:34 INFO  Utils:112 - [Utils] MethodGroupsHelper.sortMethods() took 0 ms.
2025-05-06 18:58:34 INFO  Utils:112 - [Utils] MethodGroupsHelper.collectMethodsByGroup() took 0 ms.
2025-05-06 18:58:34 INFO  Utils:112 - [Utils] MethodGroupsHelper.sortMethods() took 0 ms.
2025-05-06 18:58:34 INFO  Utils:112 - [Utils] MethodGroupsHelper.collectMethodsByGroup() took 0 ms.
2025-05-06 18:58:34 INFO  Utils:112 - [Utils] MethodGroupsHelper.sortMethods() took 2 ms.
2025-05-06 18:58:34 INFO  Utils:112 - [Utils] MethodGroupsHelper.collectMethodsByGroup() took 0 ms.
2025-05-06 18:58:34 INFO  Utils:112 - [Utils] MethodGroupsHelper.sortMethods() took 0 ms.
2025-05-06 18:58:34 INFO  Utils:112 - [Utils] MethodGroupsHelper.collectMethodsByGroup() took 0 ms.
2025-05-06 18:58:34 INFO  Utils:112 - [Utils] MethodGroupsHelper.sortMethods() took 0 ms.
2025-05-06 18:58:34 INFO  Utils:112 - [TestNG] Running:
  C:\Users\Jim\AppData\Local\Temp\testng-eclipse-1766730507\testng-customsuite.xml

2025-05-06 18:58:35 INFO  Utils:112 - [Utils] DynamicGraphHelper.createDynamicGraph() took 5 ms.
2025-05-06 18:58:48 INFO  Utils:112 - [TestNG] Time taken by org.testng.reporters.SuiteHTMLReporter@42c2f48c: 28 ms
2025-05-06 18:58:49 INFO  Utils:112 - [TestNG] Time taken by org.testng.reporters.jq.Main@64030b91: 66 ms
2025-05-06 18:58:49 INFO  Utils:112 - [TestNG] Time taken by org.testng.reporters.FailedReporter@2032e725: 1 ms
2025-05-06 18:58:49 INFO  Utils:112 - [TestNG] Time taken by org.testng.reporters.XMLReporter@31ddd4a4: 7 ms
2025-05-06 18:58:49 INFO  Utils:112 - [TestNG] Time taken by org.testng.reporters.EmailableReporter2@1965539b: 0 ms
2025-05-06 18:58:49 INFO  Utils:112 - [TestNG] Time taken by org.testng.reporters.JUnitReportReporter@682bd3c4: 2 ms
2025-05-06 18:58:49 INFO  Utils:112 - [TestNG] Time taken by org.testng.internal.ExitCodeListener@f2e4acf: 0 ms
2025-05-06 19:03:14 INFO  Utils:112 - [Utils] MethodGroupsHelper.collectMethodsByGroup() took 0 ms.
2025-05-06 19:03:14 INFO  Utils:112 - [Utils] MethodGroupsHelper.sortMethods() took 2 ms.
2025-05-06 19:03:14 INFO  Utils:112 - [Utils] MethodGroupsHelper.collectMethodsByGroup() took 0 ms.
2025-05-06 19:03:14 INFO  Utils:112 - [Utils] MethodGroupsHelper.sortMethods() took 0 ms.
2025-05-06 19:03:14 INFO  Utils:112 - [Utils] MethodGroupsHelper.collectMethodsByGroup() took 0 ms.
2025-05-06 19:03:14 INFO  Utils:112 - [Utils] MethodGroupsHelper.sortMethods() took 0 ms.
2025-05-06 19:03:14 INFO  Utils:112 - [Utils] MethodGroupsHelper.collectMethodsByGroup() took 0 ms.
2025-05-06 19:03:14 INFO  Utils:112 - [Utils] MethodGroupsHelper.sortMethods() took 0 ms.
2025-05-06 19:03:14 INFO  Utils:112 - [Utils] MethodGroupsHelper.collectMethodsByGroup() took 6 ms.
2025-05-06 19:03:14 INFO  Utils:112 - [Utils] MethodGroupsHelper.sortMethods() took 11 ms.
2025-05-06 19:03:14 INFO  Utils:112 - [Utils] MethodGroupsHelper.collectMethodsByGroup() took 0 ms.
2025-05-06 19:03:14 INFO  Utils:112 - [Utils] MethodGroupsHelper.sortMethods() took 0 ms.
2025-05-06 19:03:14 INFO  Utils:112 - [Utils] MethodGroupsHelper.collectMethodsByGroup() took 0 ms.
2025-05-06 19:03:14 INFO  Utils:112 - [Utils] MethodGroupsHelper.sortMethods() took 0 ms.
2025-05-06 19:03:14 INFO  Utils:112 - [Utils] MethodGroupsHelper.collectMethodsByGroup() took 0 ms.
2025-05-06 19:03:14 INFO  Utils:112 - [Utils] MethodGroupsHelper.sortMethods() took 0 ms.
2025-05-06 19:03:14 INFO  Utils:112 - [Utils] MethodGroupsHelper.collectMethodsByGroup() took 0 ms.
2025-05-06 19:03:14 INFO  Utils:112 - [Utils] MethodGroupsHelper.sortMethods() took 0 ms.
2025-05-06 19:03:14 INFO  Utils:112 - [Utils] MethodGroupsHelper.collectMethodsByGroup() took 0 ms.
2025-05-06 19:03:14 INFO  Utils:112 - [Utils] MethodGroupsHelper.sortMethods() took 0 ms.
2025-05-06 19:03:14 INFO  Utils:112 - [Utils] MethodGroupsHelper.collectMethodsByGroup() took 0 ms.
2025-05-06 19:03:14 INFO  Utils:112 - [Utils] MethodGroupsHelper.sortMethods() took 0 ms.
2025-05-06 19:03:14 INFO  Utils:112 - [Utils] MethodGroupsHelper.collectMethodsByGroup() took 0 ms.
2025-05-06 19:03:14 INFO  Utils:112 - [Utils] MethodGroupsHelper.sortMethods() took 0 ms.
2025-05-06 19:03:14 INFO  Utils:112 - [Utils] MethodGroupsHelper.collectMethodsByGroup() took 1 ms.
2025-05-06 19:03:14 INFO  Utils:112 - [Utils] MethodGroupsHelper.sortMethods() took 2 ms.
2025-05-06 19:03:14 INFO  Utils:112 - [Utils] MethodGroupsHelper.collectMethodsByGroup() took 0 ms.
2025-05-06 19:03:14 INFO  Utils:112 - [Utils] MethodGroupsHelper.sortMethods() took 0 ms.
2025-05-06 19:03:14 INFO  Utils:112 - [Utils] MethodGroupsHelper.collectMethodsByGroup() took 0 ms.
2025-05-06 19:03:14 INFO  Utils:112 - [Utils] MethodGroupsHelper.sortMethods() took 0 ms.
2025-05-06 19:03:14 INFO  Utils:112 - [TestNG] Running:
  C:\Users\Jim\AppData\Local\Temp\testng-eclipse--1585218879\testng-customsuite.xml

2025-05-06 19:03:14 INFO  Utils:112 - [Utils] DynamicGraphHelper.createDynamicGraph() took 4 ms.
2025-05-06 19:03:31 INFO  Utils:112 - [TestNG] Time taken by org.testng.reporters.SuiteHTMLReporter@6d3c232f: 45 ms
2025-05-06 19:03:31 INFO  Utils:112 - [TestNG] Time taken by org.testng.reporters.jq.Main@37fdfb05: 98 ms
2025-05-06 19:03:31 INFO  Utils:112 - [TestNG] Time taken by org.testng.reporters.FailedReporter@5e39850: 1 ms
2025-05-06 19:03:32 INFO  Utils:112 - [TestNG] Time taken by org.testng.reporters.XMLReporter@1e9804b9: 17 ms
2025-05-06 19:03:32 INFO  Utils:112 - [TestNG] Time taken by org.testng.reporters.EmailableReporter2@73ba6fe6: 9 ms
2025-05-06 19:03:32 INFO  Utils:112 - [TestNG] Time taken by org.testng.reporters.JUnitReportReporter@7435a578: 10 ms
2025-05-06 19:03:32 INFO  Utils:112 - [TestNG] Time taken by org.testng.internal.ExitCodeListener@6093d508: 0 ms
2025-05-06 19:15:01 INFO  Utils:112 - [Utils] MethodGroupsHelper.collectMethodsByGroup() took 0 ms.
2025-05-06 19:15:01 INFO  Utils:112 - [Utils] MethodGroupsHelper.sortMethods() took 2 ms.
2025-05-06 19:15:01 INFO  Utils:112 - [Utils] MethodGroupsHelper.collectMethodsByGroup() took 0 ms.
2025-05-06 19:15:01 INFO  Utils:112 - [Utils] MethodGroupsHelper.sortMethods() took 0 ms.
2025-05-06 19:15:01 INFO  Utils:112 - [Utils] MethodGroupsHelper.collectMethodsByGroup() took 0 ms.
2025-05-06 19:15:01 INFO  Utils:112 - [Utils] MethodGroupsHelper.sortMethods() took 0 ms.
2025-05-06 19:15:01 INFO  Utils:112 - [Utils] MethodGroupsHelper.collectMethodsByGroup() took 0 ms.
2025-05-06 19:15:01 INFO  Utils:112 - [Utils] MethodGroupsHelper.sortMethods() took 0 ms.
2025-05-06 19:15:01 INFO  Utils:112 - [Utils] MethodGroupsHelper.collectMethodsByGroup() took 5 ms.
2025-05-06 19:15:01 INFO  Utils:112 - [Utils] MethodGroupsHelper.sortMethods() took 10 ms.
2025-05-06 19:15:01 INFO  Utils:112 - [Utils] MethodGroupsHelper.collectMethodsByGroup() took 0 ms.
2025-05-06 19:15:01 INFO  Utils:112 - [Utils] MethodGroupsHelper.sortMethods() took 0 ms.
2025-05-06 19:15:01 INFO  Utils:112 - [Utils] MethodGroupsHelper.collectMethodsByGroup() took 0 ms.
2025-05-06 19:15:01 INFO  Utils:112 - [Utils] MethodGroupsHelper.sortMethods() took 0 ms.
2025-05-06 19:15:01 INFO  Utils:112 - [Utils] MethodGroupsHelper.collectMethodsByGroup() took 0 ms.
2025-05-06 19:15:01 INFO  Utils:112 - [Utils] MethodGroupsHelper.sortMethods() took 0 ms.
2025-05-06 19:15:01 INFO  Utils:112 - [Utils] MethodGroupsHelper.collectMethodsByGroup() took 0 ms.
2025-05-06 19:15:01 INFO  Utils:112 - [Utils] MethodGroupsHelper.sortMethods() took 0 ms.
2025-05-06 19:15:01 INFO  Utils:112 - [Utils] MethodGroupsHelper.collectMethodsByGroup() took 0 ms.
2025-05-06 19:15:01 INFO  Utils:112 - [Utils] MethodGroupsHelper.sortMethods() took 0 ms.
2025-05-06 19:15:01 INFO  Utils:112 - [Utils] MethodGroupsHelper.collectMethodsByGroup() took 0 ms.
2025-05-06 19:15:01 INFO  Utils:112 - [Utils] MethodGroupsHelper.sortMethods() took 0 ms.
2025-05-06 19:15:01 INFO  Utils:112 - [Utils] MethodGroupsHelper.collectMethodsByGroup() took 0 ms.
2025-05-06 19:15:01 INFO  Utils:112 - [Utils] MethodGroupsHelper.sortMethods() took 0 ms.
2025-05-06 19:15:01 INFO  Utils:112 - [Utils] MethodGroupsHelper.collectMethodsByGroup() took 1 ms.
2025-05-06 19:15:01 INFO  Utils:112 - [Utils] MethodGroupsHelper.sortMethods() took 1 ms.
2025-05-06 19:15:01 INFO  Utils:112 - [Utils] MethodGroupsHelper.collectMethodsByGroup() took 0 ms.
2025-05-06 19:15:01 INFO  Utils:112 - [Utils] MethodGroupsHelper.sortMethods() took 0 ms.
2025-05-06 19:15:01 INFO  Utils:112 - [Utils] MethodGroupsHelper.collectMethodsByGroup() took 0 ms.
2025-05-06 19:15:01 INFO  Utils:112 - [Utils] MethodGroupsHelper.sortMethods() took 0 ms.
2025-05-06 19:15:01 INFO  Utils:112 - [TestNG] Running:
  C:\Users\Jim\AppData\Local\Temp\testng-eclipse--680432841\testng-customsuite.xml

2025-05-06 19:15:01 INFO  Utils:112 - [Utils] DynamicGraphHelper.createDynamicGraph() took 5 ms.
2025-05-06 19:15:28 INFO  Utils:112 - [TestNG] Time taken by org.testng.reporters.SuiteHTMLReporter@2dbd803f: 31 ms
2025-05-06 19:15:28 INFO  Utils:112 - [TestNG] Time taken by org.testng.reporters.jq.Main@52b6319f: 63 ms
2025-05-06 19:15:28 INFO  Utils:112 - [TestNG] Time taken by org.testng.reporters.FailedReporter@c81fd12: 17 ms
2025-05-06 19:15:28 INFO  Utils:112 - [TestNG] Time taken by org.testng.reporters.XMLReporter@771db12c: 15 ms
2025-05-06 19:15:28 INFO  Utils:112 - [TestNG] Time taken by org.testng.reporters.EmailableReporter2@78e89bfe: 10 ms
2025-05-06 19:15:28 INFO  Utils:112 - [TestNG] Time taken by org.testng.reporters.JUnitReportReporter@7e7f0f0a: 6 ms
2025-05-06 19:15:28 INFO  Utils:112 - [TestNG] Time taken by org.testng.internal.ExitCodeListener@7ec58feb: 0 ms
2025-05-06 19:16:37 INFO  Utils:112 - [Utils] MethodGroupsHelper.collectMethodsByGroup() took 0 ms.
2025-05-06 19:16:37 INFO  Utils:112 - [Utils] MethodGroupsHelper.sortMethods() took 1 ms.
2025-05-06 19:16:37 INFO  Utils:112 - [Utils] MethodGroupsHelper.collectMethodsByGroup() took 0 ms.
2025-05-06 19:16:37 INFO  Utils:112 - [Utils] MethodGroupsHelper.sortMethods() took 0 ms.
2025-05-06 19:16:37 INFO  Utils:112 - [Utils] MethodGroupsHelper.collectMethodsByGroup() took 0 ms.
2025-05-06 19:16:37 INFO  Utils:112 - [Utils] MethodGroupsHelper.sortMethods() took 0 ms.
2025-05-06 19:16:37 INFO  Utils:112 - [Utils] MethodGroupsHelper.collectMethodsByGroup() took 0 ms.
2025-05-06 19:16:37 INFO  Utils:112 - [Utils] MethodGroupsHelper.sortMethods() took 0 ms.
2025-05-06 19:16:37 INFO  Utils:112 - [Utils] MethodGroupsHelper.collectMethodsByGroup() took 5 ms.
2025-05-06 19:16:37 INFO  Utils:112 - [Utils] MethodGroupsHelper.sortMethods() took 9 ms.
2025-05-06 19:16:37 INFO  Utils:112 - [Utils] MethodGroupsHelper.collectMethodsByGroup() took 0 ms.
2025-05-06 19:16:37 INFO  Utils:112 - [Utils] MethodGroupsHelper.sortMethods() took 0 ms.
2025-05-06 19:16:37 INFO  Utils:112 - [Utils] MethodGroupsHelper.collectMethodsByGroup() took 0 ms.
2025-05-06 19:16:37 INFO  Utils:112 - [Utils] MethodGroupsHelper.sortMethods() took 0 ms.
2025-05-06 19:16:37 INFO  Utils:112 - [Utils] MethodGroupsHelper.collectMethodsByGroup() took 0 ms.
2025-05-06 19:16:37 INFO  Utils:112 - [Utils] MethodGroupsHelper.sortMethods() took 0 ms.
2025-05-06 19:16:37 INFO  Utils:112 - [Utils] MethodGroupsHelper.collectMethodsByGroup() took 0 ms.
2025-05-06 19:16:37 INFO  Utils:112 - [Utils] MethodGroupsHelper.sortMethods() took 0 ms.
2025-05-06 19:16:37 INFO  Utils:112 - [Utils] MethodGroupsHelper.collectMethodsByGroup() took 0 ms.
2025-05-06 19:16:37 INFO  Utils:112 - [Utils] MethodGroupsHelper.sortMethods() took 0 ms.
2025-05-06 19:16:37 INFO  Utils:112 - [Utils] MethodGroupsHelper.collectMethodsByGroup() took 0 ms.
2025-05-06 19:16:37 INFO  Utils:112 - [Utils] MethodGroupsHelper.sortMethods() took 0 ms.
2025-05-06 19:16:37 INFO  Utils:112 - [Utils] MethodGroupsHelper.collectMethodsByGroup() took 0 ms.
2025-05-06 19:16:37 INFO  Utils:112 - [Utils] MethodGroupsHelper.sortMethods() took 0 ms.
2025-05-06 19:16:37 INFO  Utils:112 - [Utils] MethodGroupsHelper.collectMethodsByGroup() took 0 ms.
2025-05-06 19:16:37 INFO  Utils:112 - [Utils] MethodGroupsHelper.sortMethods() took 2 ms.
2025-05-06 19:16:37 INFO  Utils:112 - [Utils] MethodGroupsHelper.collectMethodsByGroup() took 0 ms.
2025-05-06 19:16:37 INFO  Utils:112 - [Utils] MethodGroupsHelper.sortMethods() took 0 ms.
2025-05-06 19:16:37 INFO  Utils:112 - [Utils] MethodGroupsHelper.collectMethodsByGroup() took 0 ms.
2025-05-06 19:16:37 INFO  Utils:112 - [Utils] MethodGroupsHelper.sortMethods() took 0 ms.
2025-05-06 19:16:37 INFO  Utils:112 - [TestNG] Running:
  C:\Users\Jim\AppData\Local\Temp\testng-eclipse-1568545429\testng-customsuite.xml

2025-05-06 19:16:37 INFO  Utils:112 - [Utils] DynamicGraphHelper.createDynamicGraph() took 3 ms.
2025-05-06 19:16:56 INFO  Utils:112 - [TestNG] Time taken by org.testng.reporters.SuiteHTMLReporter@51827393: 33 ms
2025-05-06 19:16:56 INFO  Utils:112 - [TestNG] Time taken by org.testng.reporters.jq.Main@b967222: 51 ms
2025-05-06 19:16:56 INFO  Utils:112 - [TestNG] Time taken by org.testng.reporters.FailedReporter@3b0ee03a: 0 ms
2025-05-06 19:16:56 INFO  Utils:112 - [TestNG] Time taken by org.testng.reporters.XMLReporter@5b94ccbc: 16 ms
2025-05-06 19:16:56 INFO  Utils:112 - [TestNG] Time taken by org.testng.reporters.EmailableReporter2@5b12012e: 0 ms
2025-05-06 19:16:56 INFO  Utils:112 - [TestNG] Time taken by org.testng.reporters.JUnitReportReporter@2b4786dd: 18 ms
2025-05-06 19:16:56 INFO  Utils:112 - [TestNG] Time taken by org.testng.internal.ExitCodeListener@f202d6d: 0 ms
2025-05-06 19:19:57 INFO  Utils:112 - [Utils] MethodGroupsHelper.collectMethodsByGroup() took 1 ms.
2025-05-06 19:19:57 INFO  Utils:112 - [Utils] MethodGroupsHelper.sortMethods() took 2 ms.
2025-05-06 19:19:57 INFO  Utils:112 - [Utils] MethodGroupsHelper.collectMethodsByGroup() took 0 ms.
2025-05-06 19:19:57 INFO  Utils:112 - [Utils] MethodGroupsHelper.sortMethods() took 0 ms.
2025-05-06 19:19:57 INFO  Utils:112 - [Utils] MethodGroupsHelper.collectMethodsByGroup() took 0 ms.
2025-05-06 19:19:57 INFO  Utils:112 - [Utils] MethodGroupsHelper.sortMethods() took 0 ms.
2025-05-06 19:19:57 INFO  Utils:112 - [Utils] MethodGroupsHelper.collectMethodsByGroup() took 0 ms.
2025-05-06 19:19:57 INFO  Utils:112 - [Utils] MethodGroupsHelper.sortMethods() took 0 ms.
2025-05-06 19:19:57 INFO  Utils:112 - [Utils] MethodGroupsHelper.collectMethodsByGroup() took 8 ms.
2025-05-06 19:19:57 INFO  Utils:112 - [Utils] MethodGroupsHelper.sortMethods() took 13 ms.
2025-05-06 19:19:57 INFO  Utils:112 - [Utils] MethodGroupsHelper.collectMethodsByGroup() took 0 ms.
2025-05-06 19:19:57 INFO  Utils:112 - [Utils] MethodGroupsHelper.sortMethods() took 0 ms.
2025-05-06 19:19:57 INFO  Utils:112 - [Utils] MethodGroupsHelper.collectMethodsByGroup() took 0 ms.
2025-05-06 19:19:57 INFO  Utils:112 - [Utils] MethodGroupsHelper.sortMethods() took 0 ms.
2025-05-06 19:19:57 INFO  Utils:112 - [Utils] MethodGroupsHelper.collectMethodsByGroup() took 0 ms.
2025-05-06 19:19:57 INFO  Utils:112 - [Utils] MethodGroupsHelper.sortMethods() took 0 ms.
2025-05-06 19:19:57 INFO  Utils:112 - [Utils] MethodGroupsHelper.collectMethodsByGroup() took 0 ms.
2025-05-06 19:19:57 INFO  Utils:112 - [Utils] MethodGroupsHelper.sortMethods() took 0 ms.
2025-05-06 19:19:57 INFO  Utils:112 - [Utils] MethodGroupsHelper.collectMethodsByGroup() took 0 ms.
2025-05-06 19:19:57 INFO  Utils:112 - [Utils] MethodGroupsHelper.sortMethods() took 0 ms.
2025-05-06 19:19:57 INFO  Utils:112 - [Utils] MethodGroupsHelper.collectMethodsByGroup() took 0 ms.
2025-05-06 19:19:57 INFO  Utils:112 - [Utils] MethodGroupsHelper.sortMethods() took 0 ms.
2025-05-06 19:19:57 INFO  Utils:112 - [Utils] MethodGroupsHelper.collectMethodsByGroup() took 0 ms.
2025-05-06 19:19:57 INFO  Utils:112 - [Utils] MethodGroupsHelper.sortMethods() took 0 ms.
2025-05-06 19:19:57 INFO  Utils:112 - [Utils] MethodGroupsHelper.collectMethodsByGroup() took 0 ms.
2025-05-06 19:19:57 INFO  Utils:112 - [Utils] MethodGroupsHelper.sortMethods() took 2 ms.
2025-05-06 19:19:57 INFO  Utils:112 - [Utils] MethodGroupsHelper.collectMethodsByGroup() took 0 ms.
2025-05-06 19:19:57 INFO  Utils:112 - [Utils] MethodGroupsHelper.sortMethods() took 0 ms.
2025-05-06 19:19:57 INFO  Utils:112 - [Utils] MethodGroupsHelper.collectMethodsByGroup() took 0 ms.
2025-05-06 19:19:57 INFO  Utils:112 - [Utils] MethodGroupsHelper.sortMethods() took 0 ms.
2025-05-06 19:19:57 INFO  Utils:112 - [TestNG] Running:
  C:\Users\Jim\AppData\Local\Temp\testng-eclipse-1568605081\testng-customsuite.xml

2025-05-06 19:19:57 INFO  Utils:112 - [Utils] DynamicGraphHelper.createDynamicGraph() took 4 ms.
2025-05-06 19:20:26 INFO  Utils:112 - [TestNG] Time taken by org.testng.reporters.SuiteHTMLReporter@4ae263bf: 47 ms
2025-05-06 19:20:26 INFO  Utils:112 - [TestNG] Time taken by org.testng.reporters.jq.Main@1f38957: 63 ms
2025-05-06 19:20:26 INFO  Utils:112 - [TestNG] Time taken by org.testng.reporters.FailedReporter@40368a46: 9 ms
2025-05-06 19:20:26 INFO  Utils:112 - [TestNG] Time taken by org.testng.reporters.XMLReporter@37c2eacb: 7 ms
2025-05-06 19:20:26 INFO  Utils:112 - [TestNG] Time taken by org.testng.reporters.EmailableReporter2@2f5c1332: 0 ms
2025-05-06 19:20:26 INFO  Utils:112 - [TestNG] Time taken by org.testng.reporters.JUnitReportReporter@705f83a7: 16 ms
2025-05-06 19:20:26 INFO  Utils:112 - [TestNG] Time taken by org.testng.internal.ExitCodeListener@3bb8aabc: 0 ms
2025-05-06 19:23:21 INFO  Utils:112 - [Utils] MethodGroupsHelper.collectMethodsByGroup() took 0 ms.
2025-05-06 19:23:21 INFO  Utils:112 - [Utils] MethodGroupsHelper.sortMethods() took 0 ms.
2025-05-06 19:23:21 INFO  Utils:112 - [Utils] MethodGroupsHelper.collectMethodsByGroup() took 0 ms.
2025-05-06 19:23:21 INFO  Utils:112 - [Utils] MethodGroupsHelper.sortMethods() took 1 ms.
2025-05-06 19:23:21 INFO  Utils:112 - [Utils] MethodGroupsHelper.collectMethodsByGroup() took 0 ms.
2025-05-06 19:23:21 INFO  Utils:112 - [Utils] MethodGroupsHelper.sortMethods() took 0 ms.
2025-05-06 19:23:21 INFO  Utils:112 - [Utils] MethodGroupsHelper.collectMethodsByGroup() took 0 ms.
2025-05-06 19:23:21 INFO  Utils:112 - [Utils] MethodGroupsHelper.sortMethods() took 0 ms.
2025-05-06 19:23:21 INFO  Utils:112 - [Utils] MethodGroupsHelper.collectMethodsByGroup() took 6 ms.
2025-05-06 19:23:21 INFO  Utils:112 - [Utils] MethodGroupsHelper.sortMethods() took 11 ms.
2025-05-06 19:23:21 INFO  Utils:112 - [Utils] MethodGroupsHelper.collectMethodsByGroup() took 0 ms.
2025-05-06 19:23:21 INFO  Utils:112 - [Utils] MethodGroupsHelper.sortMethods() took 0 ms.
2025-05-06 19:23:21 INFO  Utils:112 - [Utils] MethodGroupsHelper.collectMethodsByGroup() took 0 ms.
2025-05-06 19:23:21 INFO  Utils:112 - [Utils] MethodGroupsHelper.sortMethods() took 0 ms.
2025-05-06 19:23:21 INFO  Utils:112 - [Utils] MethodGroupsHelper.collectMethodsByGroup() took 0 ms.
2025-05-06 19:23:21 INFO  Utils:112 - [Utils] MethodGroupsHelper.sortMethods() took 0 ms.
2025-05-06 19:23:21 INFO  Utils:112 - [Utils] MethodGroupsHelper.collectMethodsByGroup() took 0 ms.
2025-05-06 19:23:21 INFO  Utils:112 - [Utils] MethodGroupsHelper.sortMethods() took 0 ms.
2025-05-06 19:23:21 INFO  Utils:112 - [Utils] MethodGroupsHelper.collectMethodsByGroup() took 0 ms.
2025-05-06 19:23:21 INFO  Utils:112 - [Utils] MethodGroupsHelper.sortMethods() took 0 ms.
2025-05-06 19:23:21 INFO  Utils:112 - [Utils] MethodGroupsHelper.collectMethodsByGroup() took 0 ms.
2025-05-06 19:23:21 INFO  Utils:112 - [Utils] MethodGroupsHelper.sortMethods() took 0 ms.
2025-05-06 19:23:21 INFO  Utils:112 - [Utils] MethodGroupsHelper.collectMethodsByGroup() took 0 ms.
2025-05-06 19:23:21 INFO  Utils:112 - [Utils] MethodGroupsHelper.sortMethods() took 0 ms.
2025-05-06 19:23:21 INFO  Utils:112 - [Utils] MethodGroupsHelper.collectMethodsByGroup() took 1 ms.
2025-05-06 19:23:21 INFO  Utils:112 - [Utils] MethodGroupsHelper.sortMethods() took 2 ms.
2025-05-06 19:23:21 INFO  Utils:112 - [Utils] MethodGroupsHelper.collectMethodsByGroup() took 0 ms.
2025-05-06 19:23:21 INFO  Utils:112 - [Utils] MethodGroupsHelper.sortMethods() took 0 ms.
2025-05-06 19:23:21 INFO  Utils:112 - [Utils] MethodGroupsHelper.collectMethodsByGroup() took 0 ms.
2025-05-06 19:23:21 INFO  Utils:112 - [Utils] MethodGroupsHelper.sortMethods() took 0 ms.
2025-05-06 19:23:21 INFO  Utils:112 - [TestNG] Running:
  C:\Users\Jim\AppData\Local\Temp\testng-eclipse-1583349777\testng-customsuite.xml

2025-05-06 19:23:21 INFO  Utils:112 - [Utils] DynamicGraphHelper.createDynamicGraph() took 4 ms.
2025-05-06 19:23:51 INFO  Utils:112 - [TestNG] Time taken by org.testng.reporters.SuiteHTMLReporter@2dbd803f: 31 ms
2025-05-06 19:23:51 INFO  Utils:112 - [TestNG] Time taken by org.testng.reporters.jq.Main@52b6319f: 63 ms
2025-05-06 19:23:51 INFO  Utils:112 - [TestNG] Time taken by org.testng.reporters.FailedReporter@c81fd12: 16 ms
2025-05-06 19:23:51 INFO  Utils:112 - [TestNG] Time taken by org.testng.reporters.XMLReporter@771db12c: 10 ms
2025-05-06 19:23:51 INFO  Utils:112 - [TestNG] Time taken by org.testng.reporters.EmailableReporter2@78e89bfe: 6 ms
2025-05-06 19:23:51 INFO  Utils:112 - [TestNG] Time taken by org.testng.reporters.JUnitReportReporter@7e7f0f0a: 16 ms
2025-05-06 19:23:51 INFO  Utils:112 - [TestNG] Time taken by org.testng.internal.ExitCodeListener@7ec58feb: 0 ms
2025-05-06 19:32:00 INFO  Utils:112 - [Utils] MethodGroupsHelper.collectMethodsByGroup() took 0 ms.
2025-05-06 19:32:00 INFO  Utils:112 - [Utils] MethodGroupsHelper.sortMethods() took 3 ms.
2025-05-06 19:32:00 INFO  Utils:112 - [Utils] MethodGroupsHelper.collectMethodsByGroup() took 0 ms.
2025-05-06 19:32:00 INFO  Utils:112 - [Utils] MethodGroupsHelper.sortMethods() took 0 ms.
2025-05-06 19:32:00 INFO  Utils:112 - [Utils] MethodGroupsHelper.collectMethodsByGroup() took 0 ms.
2025-05-06 19:32:00 INFO  Utils:112 - [Utils] MethodGroupsHelper.sortMethods() took 0 ms.
2025-05-06 19:32:00 INFO  Utils:112 - [Utils] MethodGroupsHelper.collectMethodsByGroup() took 0 ms.
2025-05-06 19:32:00 INFO  Utils:112 - [Utils] MethodGroupsHelper.sortMethods() took 0 ms.
2025-05-06 19:32:00 INFO  Utils:112 - [Utils] MethodGroupsHelper.collectMethodsByGroup() took 5 ms.
2025-05-06 19:32:00 INFO  Utils:112 - [Utils] MethodGroupsHelper.sortMethods() took 11 ms.
2025-05-06 19:32:00 INFO  Utils:112 - [Utils] MethodGroupsHelper.collectMethodsByGroup() took 0 ms.
2025-05-06 19:32:00 INFO  Utils:112 - [Utils] MethodGroupsHelper.sortMethods() took 0 ms.
2025-05-06 19:32:00 INFO  Utils:112 - [Utils] MethodGroupsHelper.collectMethodsByGroup() took 0 ms.
2025-05-06 19:32:00 INFO  Utils:112 - [Utils] MethodGroupsHelper.sortMethods() took 0 ms.
2025-05-06 19:32:00 INFO  Utils:112 - [Utils] MethodGroupsHelper.collectMethodsByGroup() took 0 ms.
2025-05-06 19:32:00 INFO  Utils:112 - [Utils] MethodGroupsHelper.sortMethods() took 0 ms.
2025-05-06 19:32:00 INFO  Utils:112 - [Utils] MethodGroupsHelper.collectMethodsByGroup() took 0 ms.
2025-05-06 19:32:00 INFO  Utils:112 - [Utils] MethodGroupsHelper.sortMethods() took 0 ms.
2025-05-06 19:32:00 INFO  Utils:112 - [Utils] MethodGroupsHelper.collectMethodsByGroup() took 0 ms.
2025-05-06 19:32:00 INFO  Utils:112 - [Utils] MethodGroupsHelper.sortMethods() took 0 ms.
2025-05-06 19:32:00 INFO  Utils:112 - [Utils] MethodGroupsHelper.collectMethodsByGroup() took 0 ms.
2025-05-06 19:32:00 INFO  Utils:112 - [Utils] MethodGroupsHelper.sortMethods() took 0 ms.
2025-05-06 19:32:00 INFO  Utils:112 - [Utils] MethodGroupsHelper.collectMethodsByGroup() took 0 ms.
2025-05-06 19:32:00 INFO  Utils:112 - [Utils] MethodGroupsHelper.sortMethods() took 0 ms.
2025-05-06 19:32:00 INFO  Utils:112 - [Utils] MethodGroupsHelper.collectMethodsByGroup() took 0 ms.
2025-05-06 19:32:00 INFO  Utils:112 - [Utils] MethodGroupsHelper.sortMethods() took 1 ms.
2025-05-06 19:32:00 INFO  Utils:112 - [Utils] MethodGroupsHelper.collectMethodsByGroup() took 0 ms.
2025-05-06 19:32:00 INFO  Utils:112 - [Utils] MethodGroupsHelper.sortMethods() took 0 ms.
2025-05-06 19:32:00 INFO  Utils:112 - [Utils] MethodGroupsHelper.collectMethodsByGroup() took 0 ms.
2025-05-06 19:32:00 INFO  Utils:112 - [Utils] MethodGroupsHelper.sortMethods() took 0 ms.
2025-05-06 19:32:00 INFO  Utils:112 - [TestNG] Running:
  C:\Users\Jim\AppData\Local\Temp\testng-eclipse--261767506\testng-customsuite.xml

2025-05-06 19:32:00 INFO  Utils:112 - [Utils] DynamicGraphHelper.createDynamicGraph() took 6 ms.
2025-05-06 19:32:31 INFO  Utils:112 - [TestNG] Time taken by org.testng.reporters.SuiteHTMLReporter@769d513: 33 ms
2025-05-06 19:32:31 INFO  Utils:112 - [TestNG] Time taken by org.testng.reporters.jq.Main@4c2869a9: 104 ms
2025-05-06 19:32:31 INFO  Utils:112 - [TestNG] Time taken by org.testng.reporters.FailedReporter@518cf84a: 0 ms
2025-05-06 19:32:31 INFO  Utils:112 - [TestNG] Time taken by org.testng.reporters.XMLReporter@4e2916c3: 14 ms
2025-05-06 19:32:31 INFO  Utils:112 - [TestNG] Time taken by org.testng.reporters.EmailableReporter2@35ff8fc9: 14 ms
2025-05-06 19:32:31 INFO  Utils:112 - [TestNG] Time taken by org.testng.reporters.JUnitReportReporter@6e106680: 0 ms
2025-05-06 19:32:31 INFO  Utils:112 - [TestNG] Time taken by org.testng.internal.ExitCodeListener@576c5536: 0 ms
2025-05-06 19:35:25 INFO  Utils:112 - [Utils] MethodGroupsHelper.collectMethodsByGroup() took 1 ms.
2025-05-06 19:35:25 INFO  Utils:112 - [Utils] MethodGroupsHelper.sortMethods() took 2 ms.
2025-05-06 19:35:25 INFO  Utils:112 - [Utils] MethodGroupsHelper.collectMethodsByGroup() took 0 ms.
2025-05-06 19:35:25 INFO  Utils:112 - [Utils] MethodGroupsHelper.sortMethods() took 0 ms.
2025-05-06 19:35:25 INFO  Utils:112 - [Utils] MethodGroupsHelper.collectMethodsByGroup() took 0 ms.
2025-05-06 19:35:25 INFO  Utils:112 - [Utils] MethodGroupsHelper.sortMethods() took 0 ms.
2025-05-06 19:35:25 INFO  Utils:112 - [Utils] MethodGroupsHelper.collectMethodsByGroup() took 0 ms.
2025-05-06 19:35:25 INFO  Utils:112 - [Utils] MethodGroupsHelper.sortMethods() took 0 ms.
2025-05-06 19:35:25 INFO  Utils:112 - [Utils] MethodGroupsHelper.collectMethodsByGroup() took 5 ms.
2025-05-06 19:35:25 INFO  Utils:112 - [Utils] MethodGroupsHelper.sortMethods() took 10 ms.
2025-05-06 19:35:25 INFO  Utils:112 - [Utils] MethodGroupsHelper.collectMethodsByGroup() took 0 ms.
2025-05-06 19:35:25 INFO  Utils:112 - [Utils] MethodGroupsHelper.sortMethods() took 0 ms.
2025-05-06 19:35:25 INFO  Utils:112 - [Utils] MethodGroupsHelper.collectMethodsByGroup() took 0 ms.
2025-05-06 19:35:25 INFO  Utils:112 - [Utils] MethodGroupsHelper.sortMethods() took 0 ms.
2025-05-06 19:35:25 INFO  Utils:112 - [Utils] MethodGroupsHelper.collectMethodsByGroup() took 0 ms.
2025-05-06 19:35:25 INFO  Utils:112 - [Utils] MethodGroupsHelper.sortMethods() took 0 ms.
2025-05-06 19:35:25 INFO  Utils:112 - [Utils] MethodGroupsHelper.collectMethodsByGroup() took 0 ms.
2025-05-06 19:35:25 INFO  Utils:112 - [Utils] MethodGroupsHelper.sortMethods() took 0 ms.
2025-05-06 19:35:25 INFO  Utils:112 - [Utils] MethodGroupsHelper.collectMethodsByGroup() took 0 ms.
2025-05-06 19:35:25 INFO  Utils:112 - [Utils] MethodGroupsHelper.sortMethods() took 0 ms.
2025-05-06 19:35:25 INFO  Utils:112 - [Utils] MethodGroupsHelper.collectMethodsByGroup() took 0 ms.
2025-05-06 19:35:25 INFO  Utils:112 - [Utils] MethodGroupsHelper.sortMethods() took 0 ms.
2025-05-06 19:35:25 INFO  Utils:112 - [Utils] MethodGroupsHelper.collectMethodsByGroup() took 0 ms.
2025-05-06 19:35:25 INFO  Utils:112 - [Utils] MethodGroupsHelper.sortMethods() took 0 ms.
2025-05-06 19:35:25 INFO  Utils:112 - [Utils] MethodGroupsHelper.collectMethodsByGroup() took 1 ms.
2025-05-06 19:35:25 INFO  Utils:112 - [Utils] MethodGroupsHelper.sortMethods() took 2 ms.
2025-05-06 19:35:25 INFO  Utils:112 - [Utils] MethodGroupsHelper.collectMethodsByGroup() took 0 ms.
2025-05-06 19:35:25 INFO  Utils:112 - [Utils] MethodGroupsHelper.sortMethods() took 0 ms.
2025-05-06 19:35:25 INFO  Utils:112 - [Utils] MethodGroupsHelper.collectMethodsByGroup() took 0 ms.
2025-05-06 19:35:25 INFO  Utils:112 - [Utils] MethodGroupsHelper.sortMethods() took 0 ms.
2025-05-06 19:35:25 INFO  Utils:112 - [TestNG] Running:
  C:\Users\Jim\AppData\Local\Temp\testng-eclipse--958472788\testng-customsuite.xml

2025-05-06 19:35:25 INFO  Utils:112 - [Utils] DynamicGraphHelper.createDynamicGraph() took 5 ms.
2025-05-06 19:35:55 INFO  Utils:112 - [TestNG] Time taken by org.testng.reporters.SuiteHTMLReporter@19ccca5: 33 ms
2025-05-06 19:35:55 INFO  Utils:112 - [TestNG] Time taken by org.testng.reporters.jq.Main@2715644a: 60 ms
2025-05-06 19:35:55 INFO  Utils:112 - [TestNG] Time taken by org.testng.reporters.FailedReporter@4c2869a9: 0 ms
2025-05-06 19:35:55 INFO  Utils:112 - [TestNG] Time taken by org.testng.reporters.XMLReporter@20095ab4: 7 ms
2025-05-06 19:35:55 INFO  Utils:112 - [TestNG] Time taken by org.testng.reporters.EmailableReporter2@676ff3b0: 7 ms
2025-05-06 19:35:55 INFO  Utils:112 - [TestNG] Time taken by org.testng.reporters.JUnitReportReporter@3db64bd4: 8 ms
2025-05-06 19:35:55 INFO  Utils:112 - [TestNG] Time taken by org.testng.internal.ExitCodeListener@6e106680: 0 ms
2025-05-06 19:37:10 INFO  Utils:112 - [Utils] MethodGroupsHelper.collectMethodsByGroup() took 0 ms.
2025-05-06 19:37:10 INFO  Utils:112 - [Utils] MethodGroupsHelper.sortMethods() took 0 ms.
2025-05-06 19:37:10 INFO  Utils:112 - [Utils] MethodGroupsHelper.collectMethodsByGroup() took 0 ms.
2025-05-06 19:37:10 INFO  Utils:112 - [Utils] MethodGroupsHelper.sortMethods() took 0 ms.
2025-05-06 19:37:10 INFO  Utils:112 - [Utils] MethodGroupsHelper.collectMethodsByGroup() took 0 ms.
2025-05-06 19:37:10 INFO  Utils:112 - [Utils] MethodGroupsHelper.sortMethods() took 0 ms.
2025-05-06 19:37:10 INFO  Utils:112 - [Utils] MethodGroupsHelper.collectMethodsByGroup() took 0 ms.
2025-05-06 19:37:10 INFO  Utils:112 - [Utils] MethodGroupsHelper.sortMethods() took 0 ms.
2025-05-06 19:37:10 INFO  Utils:112 - [Utils] MethodGroupsHelper.collectMethodsByGroup() took 6 ms.
2025-05-06 19:37:10 INFO  Utils:112 - [Utils] MethodGroupsHelper.sortMethods() took 9 ms.
2025-05-06 19:37:10 INFO  Utils:112 - [Utils] MethodGroupsHelper.collectMethodsByGroup() took 0 ms.
2025-05-06 19:37:10 INFO  Utils:112 - [Utils] MethodGroupsHelper.sortMethods() took 0 ms.
2025-05-06 19:37:10 INFO  Utils:112 - [Utils] MethodGroupsHelper.collectMethodsByGroup() took 0 ms.
2025-05-06 19:37:10 INFO  Utils:112 - [Utils] MethodGroupsHelper.sortMethods() took 0 ms.
2025-05-06 19:37:10 INFO  Utils:112 - [Utils] MethodGroupsHelper.collectMethodsByGroup() took 0 ms.
2025-05-06 19:37:10 INFO  Utils:112 - [Utils] MethodGroupsHelper.sortMethods() took 0 ms.
2025-05-06 19:37:10 INFO  Utils:112 - [Utils] MethodGroupsHelper.collectMethodsByGroup() took 0 ms.
2025-05-06 19:37:10 INFO  Utils:112 - [Utils] MethodGroupsHelper.sortMethods() took 0 ms.
2025-05-06 19:37:10 INFO  Utils:112 - [Utils] MethodGroupsHelper.collectMethodsByGroup() took 0 ms.
2025-05-06 19:37:10 INFO  Utils:112 - [Utils] MethodGroupsHelper.sortMethods() took 0 ms.
2025-05-06 19:37:10 INFO  Utils:112 - [Utils] MethodGroupsHelper.collectMethodsByGroup() took 0 ms.
2025-05-06 19:37:10 INFO  Utils:112 - [Utils] MethodGroupsHelper.sortMethods() took 0 ms.
2025-05-06 19:37:10 INFO  Utils:112 - [Utils] MethodGroupsHelper.collectMethodsByGroup() took 0 ms.
2025-05-06 19:37:10 INFO  Utils:112 - [Utils] MethodGroupsHelper.sortMethods() took 0 ms.
2025-05-06 19:37:10 INFO  Utils:112 - [Utils] MethodGroupsHelper.collectMethodsByGroup() took 1 ms.
2025-05-06 19:37:10 INFO  Utils:112 - [Utils] MethodGroupsHelper.sortMethods() took 2 ms.
2025-05-06 19:37:10 INFO  Utils:112 - [Utils] MethodGroupsHelper.collectMethodsByGroup() took 0 ms.
2025-05-06 19:37:10 INFO  Utils:112 - [Utils] MethodGroupsHelper.sortMethods() took 0 ms.
2025-05-06 19:37:10 INFO  Utils:112 - [Utils] MethodGroupsHelper.collectMethodsByGroup() took 0 ms.
2025-05-06 19:37:10 INFO  Utils:112 - [Utils] MethodGroupsHelper.sortMethods() took 0 ms.
2025-05-06 19:37:10 INFO  Utils:112 - [TestNG] Running:
  C:\Users\Jim\AppData\Local\Temp\testng-eclipse-1289569063\testng-customsuite.xml

2025-05-06 19:37:10 INFO  Utils:112 - [Utils] DynamicGraphHelper.createDynamicGraph() took 4 ms.
2025-05-06 19:37:38 INFO  Utils:112 - [TestNG] Time taken by org.testng.reporters.SuiteHTMLReporter@1965539b: 21 ms
2025-05-06 19:37:38 INFO  Utils:112 - [TestNG] Time taken by org.testng.reporters.jq.Main@30506c0d: 79 ms
2025-05-06 19:37:38 INFO  Utils:112 - [TestNG] Time taken by org.testng.reporters.FailedReporter@3afae281: 16 ms
2025-05-06 19:37:38 INFO  Utils:112 - [TestNG] Time taken by org.testng.reporters.XMLReporter@522ba524: 0 ms
2025-05-06 19:37:38 INFO  Utils:112 - [TestNG] Time taken by org.testng.reporters.EmailableReporter2@48b22fd4: 16 ms
2025-05-06 19:37:38 INFO  Utils:112 - [TestNG] Time taken by org.testng.reporters.JUnitReportReporter@54f66455: 15 ms
2025-05-06 19:37:38 INFO  Utils:112 - [TestNG] Time taken by org.testng.internal.ExitCodeListener@65ae095c: 0 ms
2025-05-06 19:38:16 INFO  Utils:112 - [Utils] MethodGroupsHelper.collectMethodsByGroup() took 0 ms.
2025-05-06 19:38:16 INFO  Utils:112 - [Utils] MethodGroupsHelper.sortMethods() took 0 ms.
2025-05-06 19:38:16 INFO  Utils:112 - [Utils] MethodGroupsHelper.collectMethodsByGroup() took 0 ms.
2025-05-06 19:38:16 INFO  Utils:112 - [Utils] MethodGroupsHelper.sortMethods() took 0 ms.
2025-05-06 19:38:16 INFO  Utils:112 - [Utils] MethodGroupsHelper.collectMethodsByGroup() took 0 ms.
2025-05-06 19:38:16 INFO  Utils:112 - [Utils] MethodGroupsHelper.sortMethods() took 0 ms.
2025-05-06 19:38:16 INFO  Utils:112 - [Utils] MethodGroupsHelper.collectMethodsByGroup() took 0 ms.
2025-05-06 19:38:16 INFO  Utils:112 - [Utils] MethodGroupsHelper.sortMethods() took 0 ms.
2025-05-06 19:38:16 INFO  Utils:112 - [Utils] MethodGroupsHelper.collectMethodsByGroup() took 5 ms.
2025-05-06 19:38:16 INFO  Utils:112 - [Utils] MethodGroupsHelper.sortMethods() took 8 ms.
2025-05-06 19:38:16 INFO  Utils:112 - [Utils] MethodGroupsHelper.collectMethodsByGroup() took 0 ms.
2025-05-06 19:38:16 INFO  Utils:112 - [Utils] MethodGroupsHelper.sortMethods() took 0 ms.
2025-05-06 19:38:16 INFO  Utils:112 - [Utils] MethodGroupsHelper.collectMethodsByGroup() took 0 ms.
2025-05-06 19:38:16 INFO  Utils:112 - [Utils] MethodGroupsHelper.sortMethods() took 0 ms.
2025-05-06 19:38:16 INFO  Utils:112 - [Utils] MethodGroupsHelper.collectMethodsByGroup() took 0 ms.
2025-05-06 19:38:16 INFO  Utils:112 - [Utils] MethodGroupsHelper.sortMethods() took 0 ms.
2025-05-06 19:38:16 INFO  Utils:112 - [Utils] MethodGroupsHelper.collectMethodsByGroup() took 0 ms.
2025-05-06 19:38:16 INFO  Utils:112 - [Utils] MethodGroupsHelper.sortMethods() took 0 ms.
2025-05-06 19:38:16 INFO  Utils:112 - [Utils] MethodGroupsHelper.collectMethodsByGroup() took 0 ms.
2025-05-06 19:38:16 INFO  Utils:112 - [Utils] MethodGroupsHelper.sortMethods() took 0 ms.
2025-05-06 19:38:16 INFO  Utils:112 - [Utils] MethodGroupsHelper.collectMethodsByGroup() took 0 ms.
2025-05-06 19:38:16 INFO  Utils:112 - [Utils] MethodGroupsHelper.sortMethods() took 0 ms.
2025-05-06 19:38:16 INFO  Utils:112 - [Utils] MethodGroupsHelper.collectMethodsByGroup() took 0 ms.
2025-05-06 19:38:16 INFO  Utils:112 - [Utils] MethodGroupsHelper.sortMethods() took 0 ms.
2025-05-06 19:38:16 INFO  Utils:112 - [Utils] MethodGroupsHelper.collectMethodsByGroup() took 0 ms.
2025-05-06 19:38:16 INFO  Utils:112 - [Utils] MethodGroupsHelper.sortMethods() took 1 ms.
2025-05-06 19:38:16 INFO  Utils:112 - [Utils] MethodGroupsHelper.collectMethodsByGroup() took 0 ms.
2025-05-06 19:38:16 INFO  Utils:112 - [Utils] MethodGroupsHelper.sortMethods() took 0 ms.
2025-05-06 19:38:16 INFO  Utils:112 - [Utils] MethodGroupsHelper.collectMethodsByGroup() took 0 ms.
2025-05-06 19:38:16 INFO  Utils:112 - [Utils] MethodGroupsHelper.sortMethods() took 0 ms.
2025-05-06 19:38:16 INFO  Utils:112 - [TestNG] Running:
  C:\Users\Jim\AppData\Local\Temp\testng-eclipse--1140814763\testng-customsuite.xml

2025-05-06 19:38:16 INFO  Utils:112 - [Utils] DynamicGraphHelper.createDynamicGraph() took 3 ms.
2025-05-06 19:38:46 INFO  Utils:112 - [TestNG] Time taken by org.testng.reporters.SuiteHTMLReporter@773dab28: 31 ms
2025-05-06 19:38:46 INFO  Utils:112 - [TestNG] Time taken by org.testng.reporters.jq.Main@675ffd1d: 63 ms
2025-05-06 19:38:46 INFO  Utils:112 - [TestNG] Time taken by org.testng.reporters.FailedReporter@29852487: 16 ms
2025-05-06 19:38:46 INFO  Utils:112 - [TestNG] Time taken by org.testng.reporters.XMLReporter@78e89bfe: 0 ms
2025-05-06 19:38:46 INFO  Utils:112 - [TestNG] Time taken by org.testng.reporters.EmailableReporter2@6b474074: 16 ms
2025-05-06 19:38:46 INFO  Utils:112 - [TestNG] Time taken by org.testng.reporters.JUnitReportReporter@2788d0fe: 0 ms
2025-05-06 19:38:46 INFO  Utils:112 - [TestNG] Time taken by org.testng.internal.ExitCodeListener@73ab3aac: 0 ms
2025-05-06 19:41:05 INFO  Utils:112 - [Utils] MethodGroupsHelper.collectMethodsByGroup() took 0 ms.
2025-05-06 19:41:05 INFO  Utils:112 - [Utils] MethodGroupsHelper.sortMethods() took 2 ms.
2025-05-06 19:41:05 INFO  Utils:112 - [Utils] MethodGroupsHelper.collectMethodsByGroup() took 0 ms.
2025-05-06 19:41:05 INFO  Utils:112 - [Utils] MethodGroupsHelper.sortMethods() took 0 ms.
2025-05-06 19:41:05 INFO  Utils:112 - [Utils] MethodGroupsHelper.collectMethodsByGroup() took 0 ms.
2025-05-06 19:41:05 INFO  Utils:112 - [Utils] MethodGroupsHelper.sortMethods() took 0 ms.
2025-05-06 19:41:05 INFO  Utils:112 - [Utils] MethodGroupsHelper.collectMethodsByGroup() took 0 ms.
2025-05-06 19:41:05 INFO  Utils:112 - [Utils] MethodGroupsHelper.sortMethods() took 0 ms.
2025-05-06 19:41:05 INFO  Utils:112 - [Utils] MethodGroupsHelper.collectMethodsByGroup() took 5 ms.
2025-05-06 19:41:05 INFO  Utils:112 - [Utils] MethodGroupsHelper.sortMethods() took 7 ms.
2025-05-06 19:41:05 INFO  Utils:112 - [Utils] MethodGroupsHelper.collectMethodsByGroup() took 0 ms.
2025-05-06 19:41:05 INFO  Utils:112 - [Utils] MethodGroupsHelper.sortMethods() took 0 ms.
2025-05-06 19:41:05 INFO  Utils:112 - [Utils] MethodGroupsHelper.collectMethodsByGroup() took 0 ms.
2025-05-06 19:41:05 INFO  Utils:112 - [Utils] MethodGroupsHelper.sortMethods() took 0 ms.
2025-05-06 19:41:05 INFO  Utils:112 - [Utils] MethodGroupsHelper.collectMethodsByGroup() took 0 ms.
2025-05-06 19:41:05 INFO  Utils:112 - [Utils] MethodGroupsHelper.sortMethods() took 0 ms.
2025-05-06 19:41:05 INFO  Utils:112 - [Utils] MethodGroupsHelper.collectMethodsByGroup() took 0 ms.
2025-05-06 19:41:05 INFO  Utils:112 - [Utils] MethodGroupsHelper.sortMethods() took 0 ms.
2025-05-06 19:41:05 INFO  Utils:112 - [Utils] MethodGroupsHelper.collectMethodsByGroup() took 0 ms.
2025-05-06 19:41:05 INFO  Utils:112 - [Utils] MethodGroupsHelper.sortMethods() took 0 ms.
2025-05-06 19:41:05 INFO  Utils:112 - [Utils] MethodGroupsHelper.collectMethodsByGroup() took 0 ms.
2025-05-06 19:41:05 INFO  Utils:112 - [Utils] MethodGroupsHelper.sortMethods() took 0 ms.
2025-05-06 19:41:05 INFO  Utils:112 - [Utils] MethodGroupsHelper.collectMethodsByGroup() took 0 ms.
2025-05-06 19:41:05 INFO  Utils:112 - [Utils] MethodGroupsHelper.sortMethods() took 0 ms.
2025-05-06 19:41:05 INFO  Utils:112 - [Utils] MethodGroupsHelper.collectMethodsByGroup() took 1 ms.
2025-05-06 19:41:05 INFO  Utils:112 - [Utils] MethodGroupsHelper.sortMethods() took 0 ms.
2025-05-06 19:41:05 INFO  Utils:112 - [Utils] MethodGroupsHelper.collectMethodsByGroup() took 0 ms.
2025-05-06 19:41:05 INFO  Utils:112 - [Utils] MethodGroupsHelper.sortMethods() took 0 ms.
2025-05-06 19:41:05 INFO  Utils:112 - [Utils] MethodGroupsHelper.collectMethodsByGroup() took 0 ms.
2025-05-06 19:41:05 INFO  Utils:112 - [Utils] MethodGroupsHelper.sortMethods() took 0 ms.
2025-05-06 19:41:05 INFO  Utils:112 - [TestNG] Running:
  C:\Users\Jim\AppData\Local\Temp\testng-eclipse--1083625094\testng-customsuite.xml

2025-05-06 19:41:05 INFO  Utils:112 - [Utils] DynamicGraphHelper.createDynamicGraph() took 4 ms.
2025-05-06 19:41:32 INFO  Utils:112 - [TestNG] Time taken by org.testng.reporters.SuiteHTMLReporter@24fabd0f: 31 ms
2025-05-06 19:41:32 INFO  Utils:112 - [TestNG] Time taken by org.testng.reporters.jq.Main@769a58e5: 63 ms
2025-05-06 19:41:32 INFO  Utils:112 - [TestNG] Time taken by org.testng.reporters.FailedReporter@99a78d7: 0 ms
2025-05-06 19:41:32 INFO  Utils:112 - [TestNG] Time taken by org.testng.reporters.XMLReporter@39109136: 16 ms
2025-05-06 19:41:32 INFO  Utils:112 - [TestNG] Time taken by org.testng.reporters.EmailableReporter2@6a2eea2a: 16 ms
2025-05-06 19:41:32 INFO  Utils:112 - [TestNG] Time taken by org.testng.reporters.JUnitReportReporter@796065aa: 0 ms
2025-05-06 19:41:32 INFO  Utils:112 - [TestNG] Time taken by org.testng.internal.ExitCodeListener@28a6301f: 0 ms
2025-05-06 19:45:53 INFO  Utils:112 - [Utils] MethodGroupsHelper.collectMethodsByGroup() took 1 ms.
2025-05-06 19:45:53 INFO  Utils:112 - [Utils] MethodGroupsHelper.sortMethods() took 1 ms.
2025-05-06 19:45:53 INFO  Utils:112 - [Utils] MethodGroupsHelper.collectMethodsByGroup() took 0 ms.
2025-05-06 19:45:53 INFO  Utils:112 - [Utils] MethodGroupsHelper.sortMethods() took 0 ms.
2025-05-06 19:45:53 INFO  Utils:112 - [Utils] MethodGroupsHelper.collectMethodsByGroup() took 0 ms.
2025-05-06 19:45:53 INFO  Utils:112 - [Utils] MethodGroupsHelper.sortMethods() took 0 ms.
2025-05-06 19:45:53 INFO  Utils:112 - [Utils] MethodGroupsHelper.collectMethodsByGroup() took 0 ms.
2025-05-06 19:45:53 INFO  Utils:112 - [Utils] MethodGroupsHelper.sortMethods() took 0 ms.
2025-05-06 19:45:53 INFO  Utils:112 - [Utils] MethodGroupsHelper.collectMethodsByGroup() took 4 ms.
2025-05-06 19:45:53 INFO  Utils:112 - [Utils] MethodGroupsHelper.sortMethods() took 8 ms.
2025-05-06 19:45:53 INFO  Utils:112 - [Utils] MethodGroupsHelper.collectMethodsByGroup() took 0 ms.
2025-05-06 19:45:53 INFO  Utils:112 - [Utils] MethodGroupsHelper.sortMethods() took 0 ms.
2025-05-06 19:45:53 INFO  Utils:112 - [Utils] MethodGroupsHelper.collectMethodsByGroup() took 0 ms.
2025-05-06 19:45:53 INFO  Utils:112 - [Utils] MethodGroupsHelper.sortMethods() took 0 ms.
2025-05-06 19:45:53 INFO  Utils:112 - [Utils] MethodGroupsHelper.collectMethodsByGroup() took 0 ms.
2025-05-06 19:45:53 INFO  Utils:112 - [Utils] MethodGroupsHelper.sortMethods() took 0 ms.
2025-05-06 19:45:53 INFO  Utils:112 - [Utils] MethodGroupsHelper.collectMethodsByGroup() took 0 ms.
2025-05-06 19:45:53 INFO  Utils:112 - [Utils] MethodGroupsHelper.sortMethods() took 0 ms.
2025-05-06 19:45:53 INFO  Utils:112 - [Utils] MethodGroupsHelper.collectMethodsByGroup() took 0 ms.
2025-05-06 19:45:53 INFO  Utils:112 - [Utils] MethodGroupsHelper.sortMethods() took 0 ms.
2025-05-06 19:45:53 INFO  Utils:112 - [Utils] MethodGroupsHelper.collectMethodsByGroup() took 0 ms.
2025-05-06 19:45:53 INFO  Utils:112 - [Utils] MethodGroupsHelper.sortMethods() took 0 ms.
2025-05-06 19:45:53 INFO  Utils:112 - [Utils] MethodGroupsHelper.collectMethodsByGroup() took 0 ms.
2025-05-06 19:45:53 INFO  Utils:112 - [Utils] MethodGroupsHelper.sortMethods() took 0 ms.
2025-05-06 19:45:53 INFO  Utils:112 - [Utils] MethodGroupsHelper.collectMethodsByGroup() took 0 ms.
2025-05-06 19:45:53 INFO  Utils:112 - [Utils] MethodGroupsHelper.sortMethods() took 1 ms.
2025-05-06 19:45:53 INFO  Utils:112 - [Utils] MethodGroupsHelper.collectMethodsByGroup() took 0 ms.
2025-05-06 19:45:53 INFO  Utils:112 - [Utils] MethodGroupsHelper.sortMethods() took 0 ms.
2025-05-06 19:45:53 INFO  Utils:112 - [Utils] MethodGroupsHelper.collectMethodsByGroup() took 0 ms.
2025-05-06 19:45:53 INFO  Utils:112 - [Utils] MethodGroupsHelper.sortMethods() took 0 ms.
2025-05-06 19:45:53 INFO  Utils:112 - [TestNG] Running:
  C:\Users\Jim\AppData\Local\Temp\testng-eclipse-697588290\testng-customsuite.xml

2025-05-06 19:45:53 INFO  Utils:112 - [Utils] DynamicGraphHelper.createDynamicGraph() took 2 ms.
2025-05-06 19:46:20 INFO  Utils:112 - [TestNG] Time taken by org.testng.reporters.SuiteHTMLReporter@31ddd4a4: 41 ms
2025-05-06 19:46:20 INFO  Utils:112 - [TestNG] Time taken by org.testng.reporters.jq.Main@16a9a4f1: 53 ms
2025-05-06 19:46:20 INFO  Utils:112 - [TestNG] Time taken by org.testng.reporters.FailedReporter@5754de72: 16 ms
2025-05-06 19:46:20 INFO  Utils:112 - [TestNG] Time taken by org.testng.reporters.XMLReporter@26ae880a: 16 ms
2025-05-06 19:46:20 INFO  Utils:112 - [TestNG] Time taken by org.testng.reporters.EmailableReporter2@522ba524: 15 ms
2025-05-06 19:46:20 INFO  Utils:112 - [TestNG] Time taken by org.testng.reporters.JUnitReportReporter@1dbb650b: 0 ms
2025-05-06 19:46:20 INFO  Utils:112 - [TestNG] Time taken by org.testng.internal.ExitCodeListener@656d10a4: 0 ms
2025-05-06 19:49:19 INFO  Utils:112 - [Utils] MethodGroupsHelper.collectMethodsByGroup() took 0 ms.
2025-05-06 19:49:19 INFO  Utils:112 - [Utils] MethodGroupsHelper.sortMethods() took 0 ms.
2025-05-06 19:49:19 INFO  Utils:112 - [Utils] MethodGroupsHelper.collectMethodsByGroup() took 0 ms.
2025-05-06 19:49:19 INFO  Utils:112 - [Utils] MethodGroupsHelper.sortMethods() took 0 ms.
2025-05-06 19:49:19 INFO  Utils:112 - [Utils] MethodGroupsHelper.collectMethodsByGroup() took 0 ms.
2025-05-06 19:49:19 INFO  Utils:112 - [Utils] MethodGroupsHelper.sortMethods() took 0 ms.
2025-05-06 19:49:19 INFO  Utils:112 - [Utils] MethodGroupsHelper.collectMethodsByGroup() took 0 ms.
2025-05-06 19:49:19 INFO  Utils:112 - [Utils] MethodGroupsHelper.sortMethods() took 0 ms.
2025-05-06 19:49:19 INFO  Utils:112 - [Utils] MethodGroupsHelper.collectMethodsByGroup() took 4 ms.
2025-05-06 19:49:19 INFO  Utils:112 - [Utils] MethodGroupsHelper.sortMethods() took 7 ms.
2025-05-06 19:49:19 INFO  Utils:112 - [Utils] MethodGroupsHelper.collectMethodsByGroup() took 0 ms.
2025-05-06 19:49:19 INFO  Utils:112 - [Utils] MethodGroupsHelper.sortMethods() took 0 ms.
2025-05-06 19:49:19 INFO  Utils:112 - [Utils] MethodGroupsHelper.collectMethodsByGroup() took 0 ms.
2025-05-06 19:49:19 INFO  Utils:112 - [Utils] MethodGroupsHelper.sortMethods() took 0 ms.
2025-05-06 19:49:19 INFO  Utils:112 - [Utils] MethodGroupsHelper.collectMethodsByGroup() took 0 ms.
2025-05-06 19:49:19 INFO  Utils:112 - [Utils] MethodGroupsHelper.sortMethods() took 0 ms.
2025-05-06 19:49:19 INFO  Utils:112 - [Utils] MethodGroupsHelper.collectMethodsByGroup() took 0 ms.
2025-05-06 19:49:19 INFO  Utils:112 - [Utils] MethodGroupsHelper.sortMethods() took 0 ms.
2025-05-06 19:49:19 INFO  Utils:112 - [Utils] MethodGroupsHelper.collectMethodsByGroup() took 0 ms.
2025-05-06 19:49:19 INFO  Utils:112 - [Utils] MethodGroupsHelper.sortMethods() took 0 ms.
2025-05-06 19:49:19 INFO  Utils:112 - [Utils] MethodGroupsHelper.collectMethodsByGroup() took 0 ms.
2025-05-06 19:49:19 INFO  Utils:112 - [Utils] MethodGroupsHelper.sortMethods() took 0 ms.
2025-05-06 19:49:19 INFO  Utils:112 - [Utils] MethodGroupsHelper.collectMethodsByGroup() took 0 ms.
2025-05-06 19:49:19 INFO  Utils:112 - [Utils] MethodGroupsHelper.sortMethods() took 0 ms.
2025-05-06 19:49:19 INFO  Utils:112 - [Utils] MethodGroupsHelper.collectMethodsByGroup() took 0 ms.
2025-05-06 19:49:19 INFO  Utils:112 - [Utils] MethodGroupsHelper.sortMethods() took 2 ms.
2025-05-06 19:49:19 INFO  Utils:112 - [Utils] MethodGroupsHelper.collectMethodsByGroup() took 0 ms.
2025-05-06 19:49:19 INFO  Utils:112 - [Utils] MethodGroupsHelper.sortMethods() took 0 ms.
2025-05-06 19:49:19 INFO  Utils:112 - [Utils] MethodGroupsHelper.collectMethodsByGroup() took 0 ms.
2025-05-06 19:49:19 INFO  Utils:112 - [Utils] MethodGroupsHelper.sortMethods() took 0 ms.
2025-05-06 19:49:19 INFO  Utils:112 - [TestNG] Running:
  C:\Users\Jim\AppData\Local\Temp\testng-eclipse--899998057\testng-customsuite.xml

2025-05-06 19:49:19 INFO  Utils:112 - [Utils] DynamicGraphHelper.createDynamicGraph() took 4 ms.
2025-05-06 19:49:46 INFO  Utils:112 - [TestNG] Time taken by org.testng.reporters.SuiteHTMLReporter@31ddd4a4: 32 ms
2025-05-06 19:49:46 INFO  Utils:112 - [TestNG] Time taken by org.testng.reporters.jq.Main@16a9a4f1: 63 ms
2025-05-06 19:49:46 INFO  Utils:112 - [TestNG] Time taken by org.testng.reporters.FailedReporter@5754de72: 0 ms
2025-05-06 19:49:46 INFO  Utils:112 - [TestNG] Time taken by org.testng.reporters.XMLReporter@26ae880a: 15 ms
2025-05-06 19:49:46 INFO  Utils:112 - [TestNG] Time taken by org.testng.reporters.EmailableReporter2@522ba524: 0 ms
2025-05-06 19:49:46 INFO  Utils:112 - [TestNG] Time taken by org.testng.reporters.JUnitReportReporter@1dbb650b: 2 ms
2025-05-06 19:49:46 INFO  Utils:112 - [TestNG] Time taken by org.testng.internal.ExitCodeListener@656d10a4: 0 ms
2025-05-06 19:53:17 INFO  Utils:112 - [Utils] MethodGroupsHelper.collectMethodsByGroup() took 1 ms.
2025-05-06 19:53:17 INFO  Utils:112 - [Utils] MethodGroupsHelper.sortMethods() took 3 ms.
2025-05-06 19:53:17 INFO  Utils:112 - [Utils] MethodGroupsHelper.collectMethodsByGroup() took 0 ms.
2025-05-06 19:53:17 INFO  Utils:112 - [Utils] MethodGroupsHelper.sortMethods() took 0 ms.
2025-05-06 19:53:17 INFO  Utils:112 - [Utils] MethodGroupsHelper.collectMethodsByGroup() took 0 ms.
2025-05-06 19:53:17 INFO  Utils:112 - [Utils] MethodGroupsHelper.sortMethods() took 0 ms.
2025-05-06 19:53:17 INFO  Utils:112 - [Utils] MethodGroupsHelper.collectMethodsByGroup() took 0 ms.
2025-05-06 19:53:17 INFO  Utils:112 - [Utils] MethodGroupsHelper.sortMethods() took 0 ms.
2025-05-06 19:53:17 INFO  Utils:112 - [Utils] MethodGroupsHelper.collectMethodsByGroup() took 5 ms.
2025-05-06 19:53:17 INFO  Utils:112 - [Utils] MethodGroupsHelper.sortMethods() took 9 ms.
2025-05-06 19:53:17 INFO  Utils:112 - [Utils] MethodGroupsHelper.collectMethodsByGroup() took 0 ms.
2025-05-06 19:53:17 INFO  Utils:112 - [Utils] MethodGroupsHelper.sortMethods() took 0 ms.
2025-05-06 19:53:17 INFO  Utils:112 - [Utils] MethodGroupsHelper.collectMethodsByGroup() took 0 ms.
2025-05-06 19:53:17 INFO  Utils:112 - [Utils] MethodGroupsHelper.sortMethods() took 0 ms.
2025-05-06 19:53:17 INFO  Utils:112 - [Utils] MethodGroupsHelper.collectMethodsByGroup() took 0 ms.
2025-05-06 19:53:17 INFO  Utils:112 - [Utils] MethodGroupsHelper.sortMethods() took 0 ms.
2025-05-06 19:53:17 INFO  Utils:112 - [Utils] MethodGroupsHelper.collectMethodsByGroup() took 0 ms.
2025-05-06 19:53:17 INFO  Utils:112 - [Utils] MethodGroupsHelper.sortMethods() took 0 ms.
2025-05-06 19:53:17 INFO  Utils:112 - [Utils] MethodGroupsHelper.collectMethodsByGroup() took 0 ms.
2025-05-06 19:53:17 INFO  Utils:112 - [Utils] MethodGroupsHelper.sortMethods() took 0 ms.
2025-05-06 19:53:17 INFO  Utils:112 - [Utils] MethodGroupsHelper.collectMethodsByGroup() took 0 ms.
2025-05-06 19:53:17 INFO  Utils:112 - [Utils] MethodGroupsHelper.sortMethods() took 0 ms.
2025-05-06 19:53:17 INFO  Utils:112 - [Utils] MethodGroupsHelper.collectMethodsByGroup() took 0 ms.
2025-05-06 19:53:17 INFO  Utils:112 - [Utils] MethodGroupsHelper.sortMethods() took 0 ms.
2025-05-06 19:53:17 INFO  Utils:112 - [Utils] MethodGroupsHelper.collectMethodsByGroup() took 0 ms.
2025-05-06 19:53:17 INFO  Utils:112 - [Utils] MethodGroupsHelper.sortMethods() took 0 ms.
2025-05-06 19:53:17 INFO  Utils:112 - [Utils] MethodGroupsHelper.collectMethodsByGroup() took 0 ms.
2025-05-06 19:53:17 INFO  Utils:112 - [Utils] MethodGroupsHelper.sortMethods() took 0 ms.
2025-05-06 19:53:17 INFO  Utils:112 - [Utils] MethodGroupsHelper.collectMethodsByGroup() took 0 ms.
2025-05-06 19:53:17 INFO  Utils:112 - [Utils] MethodGroupsHelper.sortMethods() took 0 ms.
2025-05-06 19:53:17 INFO  Utils:112 - [TestNG] Running:
  C:\Users\Jim\AppData\Local\Temp\testng-eclipse--958743690\testng-customsuite.xml

2025-05-06 19:53:17 INFO  Utils:112 - [Utils] DynamicGraphHelper.createDynamicGraph() took 3 ms.
2025-05-06 19:53:22 INFO  Utils:112 - [TestNG] Time taken by org.testng.reporters.SuiteHTMLReporter@56781d96: 37 ms
2025-05-06 19:53:22 INFO  Utils:112 - [TestNG] Time taken by org.testng.reporters.jq.Main@6ce90bc5: 74 ms
2025-05-06 19:53:22 INFO  Utils:112 - [TestNG] Time taken by org.testng.reporters.FailedReporter@4a1c0752: 14 ms
2025-05-06 19:53:22 INFO  Utils:112 - [TestNG] Time taken by org.testng.reporters.XMLReporter@30af7377: 8 ms
2025-05-06 19:53:22 INFO  Utils:112 - [TestNG] Time taken by org.testng.reporters.EmailableReporter2@72ed9aad: 8 ms
2025-05-06 19:53:22 INFO  Utils:112 - [TestNG] Time taken by org.testng.reporters.JUnitReportReporter@6090f3ca: 9 ms
2025-05-06 19:53:22 INFO  Utils:112 - [TestNG] Time taken by org.testng.internal.ExitCodeListener@37a64f9d: 0 ms
2025-05-06 19:53:57 INFO  Utils:112 - [Utils] MethodGroupsHelper.collectMethodsByGroup() took 0 ms.
2025-05-06 19:53:57 INFO  Utils:112 - [Utils] MethodGroupsHelper.sortMethods() took 1 ms.
2025-05-06 19:53:57 INFO  Utils:112 - [Utils] MethodGroupsHelper.collectMethodsByGroup() took 0 ms.
2025-05-06 19:53:57 INFO  Utils:112 - [Utils] MethodGroupsHelper.sortMethods() took 0 ms.
2025-05-06 19:53:57 INFO  Utils:112 - [Utils] MethodGroupsHelper.collectMethodsByGroup() took 0 ms.
2025-05-06 19:53:57 INFO  Utils:112 - [Utils] MethodGroupsHelper.sortMethods() took 0 ms.
2025-05-06 19:53:57 INFO  Utils:112 - [Utils] MethodGroupsHelper.collectMethodsByGroup() took 0 ms.
2025-05-06 19:53:57 INFO  Utils:112 - [Utils] MethodGroupsHelper.sortMethods() took 0 ms.
2025-05-06 19:53:57 INFO  Utils:112 - [Utils] MethodGroupsHelper.collectMethodsByGroup() took 4 ms.
2025-05-06 19:53:57 INFO  Utils:112 - [Utils] MethodGroupsHelper.sortMethods() took 10 ms.
2025-05-06 19:53:57 INFO  Utils:112 - [Utils] MethodGroupsHelper.collectMethodsByGroup() took 0 ms.
2025-05-06 19:53:57 INFO  Utils:112 - [Utils] MethodGroupsHelper.sortMethods() took 0 ms.
2025-05-06 19:53:57 INFO  Utils:112 - [Utils] MethodGroupsHelper.collectMethodsByGroup() took 0 ms.
2025-05-06 19:53:57 INFO  Utils:112 - [Utils] MethodGroupsHelper.sortMethods() took 0 ms.
2025-05-06 19:53:57 INFO  Utils:112 - [Utils] MethodGroupsHelper.collectMethodsByGroup() took 0 ms.
2025-05-06 19:53:57 INFO  Utils:112 - [Utils] MethodGroupsHelper.sortMethods() took 0 ms.
2025-05-06 19:53:57 INFO  Utils:112 - [Utils] MethodGroupsHelper.collectMethodsByGroup() took 0 ms.
2025-05-06 19:53:57 INFO  Utils:112 - [Utils] MethodGroupsHelper.sortMethods() took 0 ms.
2025-05-06 19:53:57 INFO  Utils:112 - [Utils] MethodGroupsHelper.collectMethodsByGroup() took 0 ms.
2025-05-06 19:53:57 INFO  Utils:112 - [Utils] MethodGroupsHelper.sortMethods() took 0 ms.
2025-05-06 19:53:57 INFO  Utils:112 - [Utils] MethodGroupsHelper.collectMethodsByGroup() took 0 ms.
2025-05-06 19:53:57 INFO  Utils:112 - [Utils] MethodGroupsHelper.sortMethods() took 0 ms.
2025-05-06 19:53:57 INFO  Utils:112 - [Utils] MethodGroupsHelper.collectMethodsByGroup() took 0 ms.
2025-05-06 19:53:57 INFO  Utils:112 - [Utils] MethodGroupsHelper.sortMethods() took 0 ms.
2025-05-06 19:53:57 INFO  Utils:112 - [Utils] MethodGroupsHelper.collectMethodsByGroup() took 0 ms.
2025-05-06 19:53:57 INFO  Utils:112 - [Utils] MethodGroupsHelper.sortMethods() took 2 ms.
2025-05-06 19:53:57 INFO  Utils:112 - [Utils] MethodGroupsHelper.collectMethodsByGroup() took 0 ms.
2025-05-06 19:53:57 INFO  Utils:112 - [Utils] MethodGroupsHelper.sortMethods() took 0 ms.
2025-05-06 19:53:57 INFO  Utils:112 - [Utils] MethodGroupsHelper.collectMethodsByGroup() took 0 ms.
2025-05-06 19:53:57 INFO  Utils:112 - [Utils] MethodGroupsHelper.sortMethods() took 0 ms.
2025-05-06 19:53:57 INFO  Utils:112 - [TestNG] Running:
  C:\Users\Jim\AppData\Local\Temp\testng-eclipse--602204053\testng-customsuite.xml

2025-05-06 19:53:57 INFO  Utils:112 - [Utils] DynamicGraphHelper.createDynamicGraph() took 4 ms.
2025-05-06 19:54:22 INFO  Utils:112 - [TestNG] Time taken by org.testng.reporters.SuiteHTMLReporter@31ddd4a4: 37 ms
2025-05-06 19:54:22 INFO  Utils:112 - [TestNG] Time taken by org.testng.reporters.jq.Main@16a9a4f1: 78 ms
2025-05-06 19:54:22 INFO  Utils:112 - [TestNG] Time taken by org.testng.reporters.FailedReporter@5754de72: 16 ms
2025-05-06 19:54:22 INFO  Utils:112 - [TestNG] Time taken by org.testng.reporters.XMLReporter@26ae880a: 16 ms
2025-05-06 19:54:22 INFO  Utils:112 - [TestNG] Time taken by org.testng.reporters.EmailableReporter2@522ba524: 10 ms
2025-05-06 19:54:22 INFO  Utils:112 - [TestNG] Time taken by org.testng.reporters.JUnitReportReporter@1dbb650b: 5 ms
2025-05-06 19:54:22 INFO  Utils:112 - [TestNG] Time taken by org.testng.internal.ExitCodeListener@656d10a4: 0 ms
2025-05-06 19:56:35 INFO  Utils:112 - [Utils] MethodGroupsHelper.collectMethodsByGroup() took 0 ms.
2025-05-06 19:56:35 INFO  Utils:112 - [Utils] MethodGroupsHelper.sortMethods() took 0 ms.
2025-05-06 19:56:35 INFO  Utils:112 - [Utils] MethodGroupsHelper.collectMethodsByGroup() took 0 ms.
2025-05-06 19:56:35 INFO  Utils:112 - [Utils] MethodGroupsHelper.sortMethods() took 0 ms.
2025-05-06 19:56:35 INFO  Utils:112 - [Utils] MethodGroupsHelper.collectMethodsByGroup() took 0 ms.
2025-05-06 19:56:35 INFO  Utils:112 - [Utils] MethodGroupsHelper.sortMethods() took 0 ms.
2025-05-06 19:56:35 INFO  Utils:112 - [Utils] MethodGroupsHelper.collectMethodsByGroup() took 0 ms.
2025-05-06 19:56:35 INFO  Utils:112 - [Utils] MethodGroupsHelper.sortMethods() took 0 ms.
2025-05-06 19:56:35 INFO  Utils:112 - [Utils] MethodGroupsHelper.collectMethodsByGroup() took 5 ms.
2025-05-06 19:56:35 INFO  Utils:112 - [Utils] MethodGroupsHelper.sortMethods() took 8 ms.
2025-05-06 19:56:35 INFO  Utils:112 - [Utils] MethodGroupsHelper.collectMethodsByGroup() took 0 ms.
2025-05-06 19:56:35 INFO  Utils:112 - [Utils] MethodGroupsHelper.sortMethods() took 0 ms.
2025-05-06 19:56:35 INFO  Utils:112 - [Utils] MethodGroupsHelper.collectMethodsByGroup() took 0 ms.
2025-05-06 19:56:35 INFO  Utils:112 - [Utils] MethodGroupsHelper.sortMethods() took 0 ms.
2025-05-06 19:56:35 INFO  Utils:112 - [Utils] MethodGroupsHelper.collectMethodsByGroup() took 0 ms.
2025-05-06 19:56:35 INFO  Utils:112 - [Utils] MethodGroupsHelper.sortMethods() took 0 ms.
2025-05-06 19:56:35 INFO  Utils:112 - [Utils] MethodGroupsHelper.collectMethodsByGroup() took 0 ms.
2025-05-06 19:56:35 INFO  Utils:112 - [Utils] MethodGroupsHelper.sortMethods() took 0 ms.
2025-05-06 19:56:35 INFO  Utils:112 - [Utils] MethodGroupsHelper.collectMethodsByGroup() took 0 ms.
2025-05-06 19:56:35 INFO  Utils:112 - [Utils] MethodGroupsHelper.sortMethods() took 0 ms.
2025-05-06 19:56:35 INFO  Utils:112 - [Utils] MethodGroupsHelper.collectMethodsByGroup() took 0 ms.
2025-05-06 19:56:35 INFO  Utils:112 - [Utils] MethodGroupsHelper.sortMethods() took 0 ms.
2025-05-06 19:56:35 INFO  Utils:112 - [Utils] MethodGroupsHelper.collectMethodsByGroup() took 0 ms.
2025-05-06 19:56:35 INFO  Utils:112 - [Utils] MethodGroupsHelper.sortMethods() took 0 ms.
2025-05-06 19:56:35 INFO  Utils:112 - [Utils] MethodGroupsHelper.collectMethodsByGroup() took 1 ms.
2025-05-06 19:56:35 INFO  Utils:112 - [Utils] MethodGroupsHelper.sortMethods() took 1 ms.
2025-05-06 19:56:35 INFO  Utils:112 - [Utils] MethodGroupsHelper.collectMethodsByGroup() took 0 ms.
2025-05-06 19:56:35 INFO  Utils:112 - [Utils] MethodGroupsHelper.sortMethods() took 0 ms.
2025-05-06 19:56:35 INFO  Utils:112 - [Utils] MethodGroupsHelper.collectMethodsByGroup() took 0 ms.
2025-05-06 19:56:35 INFO  Utils:112 - [Utils] MethodGroupsHelper.sortMethods() took 0 ms.
2025-05-06 19:56:35 INFO  Utils:112 - [TestNG] Running:
  C:\Users\Jim\AppData\Local\Temp\testng-eclipse-576494722\testng-customsuite.xml

2025-05-06 19:56:35 INFO  Utils:112 - [Utils] DynamicGraphHelper.createDynamicGraph() took 5 ms.
2025-05-06 19:57:05 INFO  Utils:112 - [TestNG] Time taken by org.testng.reporters.SuiteHTMLReporter@22d1886d: 63 ms
2025-05-06 19:57:05 INFO  Utils:112 - [TestNG] Time taken by org.testng.reporters.jq.Main@985696: 95 ms
2025-05-06 19:57:05 INFO  Utils:112 - [TestNG] Time taken by org.testng.reporters.FailedReporter@652ab8d9: 15 ms
2025-05-06 19:57:05 INFO  Utils:112 - [TestNG] Time taken by org.testng.reporters.XMLReporter@51827393: 16 ms
2025-05-06 19:57:05 INFO  Utils:112 - [TestNG] Time taken by org.testng.reporters.EmailableReporter2@17d2ed1b: 0 ms
2025-05-06 19:57:05 INFO  Utils:112 - [TestNG] Time taken by org.testng.reporters.JUnitReportReporter@3104351d: 5 ms
2025-05-06 19:57:05 INFO  Utils:112 - [TestNG] Time taken by org.testng.internal.ExitCodeListener@77d18d0b: 0 ms
2025-05-06 20:12:52 INFO  Utils:112 - [Utils] MethodGroupsHelper.collectMethodsByGroup() took 0 ms.
2025-05-06 20:12:52 INFO  Utils:112 - [Utils] MethodGroupsHelper.sortMethods() took 2 ms.
2025-05-06 20:12:52 INFO  Utils:112 - [Utils] MethodGroupsHelper.collectMethodsByGroup() took 0 ms.
2025-05-06 20:12:52 INFO  Utils:112 - [Utils] MethodGroupsHelper.sortMethods() took 0 ms.
2025-05-06 20:12:52 INFO  Utils:112 - [Utils] MethodGroupsHelper.collectMethodsByGroup() took 0 ms.
2025-05-06 20:12:52 INFO  Utils:112 - [Utils] MethodGroupsHelper.sortMethods() took 0 ms.
2025-05-06 20:12:52 INFO  Utils:112 - [Utils] MethodGroupsHelper.collectMethodsByGroup() took 0 ms.
2025-05-06 20:12:52 INFO  Utils:112 - [Utils] MethodGroupsHelper.sortMethods() took 0 ms.
2025-05-06 20:12:52 INFO  Utils:112 - [Utils] MethodGroupsHelper.collectMethodsByGroup() took 5 ms.
2025-05-06 20:12:52 INFO  Utils:112 - [Utils] MethodGroupsHelper.sortMethods() took 9 ms.
2025-05-06 20:12:52 INFO  Utils:112 - [Utils] MethodGroupsHelper.collectMethodsByGroup() took 0 ms.
2025-05-06 20:12:52 INFO  Utils:112 - [Utils] MethodGroupsHelper.sortMethods() took 0 ms.
2025-05-06 20:12:52 INFO  Utils:112 - [Utils] MethodGroupsHelper.collectMethodsByGroup() took 0 ms.
2025-05-06 20:12:52 INFO  Utils:112 - [Utils] MethodGroupsHelper.sortMethods() took 0 ms.
2025-05-06 20:12:52 INFO  Utils:112 - [Utils] MethodGroupsHelper.collectMethodsByGroup() took 0 ms.
2025-05-06 20:12:52 INFO  Utils:112 - [Utils] MethodGroupsHelper.sortMethods() took 0 ms.
2025-05-06 20:12:52 INFO  Utils:112 - [Utils] MethodGroupsHelper.collectMethodsByGroup() took 0 ms.
2025-05-06 20:12:52 INFO  Utils:112 - [Utils] MethodGroupsHelper.sortMethods() took 0 ms.
2025-05-06 20:12:52 INFO  Utils:112 - [Utils] MethodGroupsHelper.collectMethodsByGroup() took 0 ms.
2025-05-06 20:12:52 INFO  Utils:112 - [Utils] MethodGroupsHelper.sortMethods() took 0 ms.
2025-05-06 20:12:52 INFO  Utils:112 - [Utils] MethodGroupsHelper.collectMethodsByGroup() took 0 ms.
2025-05-06 20:12:52 INFO  Utils:112 - [Utils] MethodGroupsHelper.sortMethods() took 0 ms.
2025-05-06 20:12:52 INFO  Utils:112 - [Utils] MethodGroupsHelper.collectMethodsByGroup() took 0 ms.
2025-05-06 20:12:52 INFO  Utils:112 - [Utils] MethodGroupsHelper.sortMethods() took 0 ms.
2025-05-06 20:12:52 INFO  Utils:112 - [Utils] MethodGroupsHelper.collectMethodsByGroup() took 1 ms.
2025-05-06 20:12:52 INFO  Utils:112 - [Utils] MethodGroupsHelper.sortMethods() took 2 ms.
2025-05-06 20:12:52 INFO  Utils:112 - [Utils] MethodGroupsHelper.collectMethodsByGroup() took 0 ms.
2025-05-06 20:12:52 INFO  Utils:112 - [Utils] MethodGroupsHelper.sortMethods() took 0 ms.
2025-05-06 20:12:52 INFO  Utils:112 - [Utils] MethodGroupsHelper.collectMethodsByGroup() took 0 ms.
2025-05-06 20:12:52 INFO  Utils:112 - [Utils] MethodGroupsHelper.sortMethods() took 1 ms.
2025-05-06 20:12:52 INFO  Utils:112 - [TestNG] Running:
  C:\Users\Jim\AppData\Local\Temp\testng-eclipse--1740802822\testng-customsuite.xml

2025-05-06 20:12:52 INFO  Utils:112 - [Utils] DynamicGraphHelper.createDynamicGraph() took 4 ms.
2025-05-06 20:13:18 INFO  Utils:112 - [TestNG] Time taken by org.testng.reporters.SuiteHTMLReporter@31ddd4a4: 46 ms
2025-05-06 20:13:18 INFO  Utils:112 - [TestNG] Time taken by org.testng.reporters.jq.Main@16a9a4f1: 73 ms
2025-05-06 20:13:18 INFO  Utils:112 - [TestNG] Time taken by org.testng.reporters.FailedReporter@5754de72: 6 ms
2025-05-06 20:13:18 INFO  Utils:112 - [TestNG] Time taken by org.testng.reporters.XMLReporter@26ae880a: 15 ms
2025-05-06 20:13:18 INFO  Utils:112 - [TestNG] Time taken by org.testng.reporters.EmailableReporter2@522ba524: 0 ms
2025-05-06 20:13:18 INFO  Utils:112 - [TestNG] Time taken by org.testng.reporters.JUnitReportReporter@1dbb650b: 16 ms
2025-05-06 20:13:18 INFO  Utils:112 - [TestNG] Time taken by org.testng.internal.ExitCodeListener@656d10a4: 0 ms
2025-05-06 20:14:09 INFO  Utils:112 - [Utils] MethodGroupsHelper.collectMethodsByGroup() took 0 ms.
2025-05-06 20:14:09 INFO  Utils:112 - [Utils] MethodGroupsHelper.sortMethods() took 1 ms.
2025-05-06 20:14:09 INFO  Utils:112 - [Utils] MethodGroupsHelper.collectMethodsByGroup() took 0 ms.
2025-05-06 20:14:09 INFO  Utils:112 - [Utils] MethodGroupsHelper.sortMethods() took 0 ms.
2025-05-06 20:14:09 INFO  Utils:112 - [Utils] MethodGroupsHelper.collectMethodsByGroup() took 0 ms.
2025-05-06 20:14:09 INFO  Utils:112 - [Utils] MethodGroupsHelper.sortMethods() took 0 ms.
2025-05-06 20:14:09 INFO  Utils:112 - [Utils] MethodGroupsHelper.collectMethodsByGroup() took 0 ms.
2025-05-06 20:14:09 INFO  Utils:112 - [Utils] MethodGroupsHelper.sortMethods() took 0 ms.
2025-05-06 20:14:09 INFO  Utils:112 - [Utils] MethodGroupsHelper.collectMethodsByGroup() took 8 ms.
2025-05-06 20:14:09 INFO  Utils:112 - [Utils] MethodGroupsHelper.sortMethods() took 11 ms.
2025-05-06 20:14:09 INFO  Utils:112 - [Utils] MethodGroupsHelper.collectMethodsByGroup() took 0 ms.
2025-05-06 20:14:09 INFO  Utils:112 - [Utils] MethodGroupsHelper.sortMethods() took 0 ms.
2025-05-06 20:14:09 INFO  Utils:112 - [Utils] MethodGroupsHelper.collectMethodsByGroup() took 0 ms.
2025-05-06 20:14:09 INFO  Utils:112 - [Utils] MethodGroupsHelper.sortMethods() took 0 ms.
2025-05-06 20:14:09 INFO  Utils:112 - [Utils] MethodGroupsHelper.collectMethodsByGroup() took 0 ms.
2025-05-06 20:14:09 INFO  Utils:112 - [Utils] MethodGroupsHelper.sortMethods() took 0 ms.
2025-05-06 20:14:09 INFO  Utils:112 - [Utils] MethodGroupsHelper.collectMethodsByGroup() took 0 ms.
2025-05-06 20:14:09 INFO  Utils:112 - [Utils] MethodGroupsHelper.sortMethods() took 0 ms.
2025-05-06 20:14:09 INFO  Utils:112 - [Utils] MethodGroupsHelper.collectMethodsByGroup() took 0 ms.
2025-05-06 20:14:09 INFO  Utils:112 - [Utils] MethodGroupsHelper.sortMethods() took 0 ms.
2025-05-06 20:14:09 INFO  Utils:112 - [Utils] MethodGroupsHelper.collectMethodsByGroup() took 0 ms.
2025-05-06 20:14:09 INFO  Utils:112 - [Utils] MethodGroupsHelper.sortMethods() took 0 ms.
2025-05-06 20:14:09 INFO  Utils:112 - [Utils] MethodGroupsHelper.collectMethodsByGroup() took 0 ms.
2025-05-06 20:14:09 INFO  Utils:112 - [Utils] MethodGroupsHelper.sortMethods() took 0 ms.
2025-05-06 20:14:09 INFO  Utils:112 - [Utils] MethodGroupsHelper.collectMethodsByGroup() took 0 ms.
2025-05-06 20:14:09 INFO  Utils:112 - [Utils] MethodGroupsHelper.sortMethods() took 1 ms.
2025-05-06 20:14:09 INFO  Utils:112 - [Utils] MethodGroupsHelper.collectMethodsByGroup() took 0 ms.
2025-05-06 20:14:09 INFO  Utils:112 - [Utils] MethodGroupsHelper.sortMethods() took 0 ms.
2025-05-06 20:14:09 INFO  Utils:112 - [Utils] MethodGroupsHelper.collectMethodsByGroup() took 0 ms.
2025-05-06 20:14:09 INFO  Utils:112 - [Utils] MethodGroupsHelper.sortMethods() took 0 ms.
2025-05-06 20:14:09 INFO  Utils:112 - [TestNG] Running:
  C:\Users\Jim\AppData\Local\Temp\testng-eclipse-711894795\testng-customsuite.xml

2025-05-06 20:14:09 INFO  Utils:112 - [Utils] DynamicGraphHelper.createDynamicGraph() took 4 ms.
2025-05-06 20:14:34 INFO  Utils:112 - [TestNG] Time taken by org.testng.reporters.SuiteHTMLReporter@31ddd4a4: 32 ms
2025-05-06 20:14:34 INFO  Utils:112 - [TestNG] Time taken by org.testng.reporters.jq.Main@16a9a4f1: 63 ms
2025-05-06 20:14:34 INFO  Utils:112 - [TestNG] Time taken by org.testng.reporters.FailedReporter@5754de72: 0 ms
2025-05-06 20:14:34 INFO  Utils:112 - [TestNG] Time taken by org.testng.reporters.XMLReporter@26ae880a: 16 ms
2025-05-06 20:14:34 INFO  Utils:112 - [TestNG] Time taken by org.testng.reporters.EmailableReporter2@522ba524: 0 ms
2025-05-06 20:14:34 INFO  Utils:112 - [TestNG] Time taken by org.testng.reporters.JUnitReportReporter@1dbb650b: 10 ms
2025-05-06 20:14:34 INFO  Utils:112 - [TestNG] Time taken by org.testng.internal.ExitCodeListener@656d10a4: 0 ms
2025-05-06 20:20:38 INFO  Utils:112 - [Utils] MethodGroupsHelper.collectMethodsByGroup() took 0 ms.
2025-05-06 20:20:38 INFO  Utils:112 - [Utils] MethodGroupsHelper.sortMethods() took 2 ms.
2025-05-06 20:20:38 INFO  Utils:112 - [Utils] MethodGroupsHelper.collectMethodsByGroup() took 0 ms.
2025-05-06 20:20:38 INFO  Utils:112 - [Utils] MethodGroupsHelper.sortMethods() took 0 ms.
2025-05-06 20:20:38 INFO  Utils:112 - [Utils] MethodGroupsHelper.collectMethodsByGroup() took 0 ms.
2025-05-06 20:20:38 INFO  Utils:112 - [Utils] MethodGroupsHelper.sortMethods() took 0 ms.
2025-05-06 20:20:38 INFO  Utils:112 - [Utils] MethodGroupsHelper.collectMethodsByGroup() took 0 ms.
2025-05-06 20:20:38 INFO  Utils:112 - [Utils] MethodGroupsHelper.sortMethods() took 0 ms.
2025-05-06 20:20:38 INFO  Utils:112 - [Utils] MethodGroupsHelper.collectMethodsByGroup() took 7 ms.
2025-05-06 20:20:38 INFO  Utils:112 - [Utils] MethodGroupsHelper.sortMethods() took 11 ms.
2025-05-06 20:20:38 INFO  Utils:112 - [Utils] MethodGroupsHelper.collectMethodsByGroup() took 0 ms.
2025-05-06 20:20:38 INFO  Utils:112 - [Utils] MethodGroupsHelper.sortMethods() took 0 ms.
2025-05-06 20:20:38 INFO  Utils:112 - [Utils] MethodGroupsHelper.collectMethodsByGroup() took 0 ms.
2025-05-06 20:20:38 INFO  Utils:112 - [Utils] MethodGroupsHelper.sortMethods() took 0 ms.
2025-05-06 20:20:38 INFO  Utils:112 - [Utils] MethodGroupsHelper.collectMethodsByGroup() took 0 ms.
2025-05-06 20:20:38 INFO  Utils:112 - [Utils] MethodGroupsHelper.sortMethods() took 0 ms.
2025-05-06 20:20:38 INFO  Utils:112 - [Utils] MethodGroupsHelper.collectMethodsByGroup() took 0 ms.
2025-05-06 20:20:38 INFO  Utils:112 - [Utils] MethodGroupsHelper.sortMethods() took 0 ms.
2025-05-06 20:20:38 INFO  Utils:112 - [Utils] MethodGroupsHelper.collectMethodsByGroup() took 0 ms.
2025-05-06 20:20:38 INFO  Utils:112 - [Utils] MethodGroupsHelper.sortMethods() took 0 ms.
2025-05-06 20:20:38 INFO  Utils:112 - [Utils] MethodGroupsHelper.collectMethodsByGroup() took 0 ms.
2025-05-06 20:20:38 INFO  Utils:112 - [Utils] MethodGroupsHelper.sortMethods() took 0 ms.
2025-05-06 20:20:38 INFO  Utils:112 - [Utils] MethodGroupsHelper.collectMethodsByGroup() took 0 ms.
2025-05-06 20:20:38 INFO  Utils:112 - [Utils] MethodGroupsHelper.sortMethods() took 0 ms.
2025-05-06 20:20:38 INFO  Utils:112 - [Utils] MethodGroupsHelper.collectMethodsByGroup() took 1 ms.
2025-05-06 20:20:38 INFO  Utils:112 - [Utils] MethodGroupsHelper.sortMethods() took 2 ms.
2025-05-06 20:20:38 INFO  Utils:112 - [Utils] MethodGroupsHelper.collectMethodsByGroup() took 0 ms.
2025-05-06 20:20:38 INFO  Utils:112 - [Utils] MethodGroupsHelper.sortMethods() took 0 ms.
2025-05-06 20:20:38 INFO  Utils:112 - [Utils] MethodGroupsHelper.collectMethodsByGroup() took 0 ms.
2025-05-06 20:20:38 INFO  Utils:112 - [Utils] MethodGroupsHelper.sortMethods() took 0 ms.
2025-05-06 20:20:38 INFO  Utils:112 - [TestNG] Running:
  C:\Users\Jim\AppData\Local\Temp\testng-eclipse--493142573\testng-customsuite.xml

2025-05-06 20:20:38 INFO  Utils:112 - [Utils] DynamicGraphHelper.createDynamicGraph() took 5 ms.
2025-05-06 20:21:04 INFO  Utils:112 - [TestNG] Time taken by org.testng.reporters.SuiteHTMLReporter@31ddd4a4: 29 ms
2025-05-06 20:21:04 INFO  Utils:112 - [TestNG] Time taken by org.testng.reporters.jq.Main@16a9a4f1: 63 ms
2025-05-06 20:21:04 INFO  Utils:112 - [TestNG] Time taken by org.testng.reporters.FailedReporter@5754de72: 16 ms
2025-05-06 20:21:04 INFO  Utils:112 - [TestNG] Time taken by org.testng.reporters.XMLReporter@26ae880a: 0 ms
2025-05-06 20:21:04 INFO  Utils:112 - [TestNG] Time taken by org.testng.reporters.EmailableReporter2@522ba524: 16 ms
2025-05-06 20:21:04 INFO  Utils:112 - [TestNG] Time taken by org.testng.reporters.JUnitReportReporter@1dbb650b: 16 ms
2025-05-06 20:21:04 INFO  Utils:112 - [TestNG] Time taken by org.testng.internal.ExitCodeListener@656d10a4: 0 ms
2025-05-06 20:37:07 INFO  Utils:112 - [Utils] MethodGroupsHelper.collectMethodsByGroup() took 0 ms.
2025-05-06 20:37:07 INFO  Utils:112 - [Utils] MethodGroupsHelper.sortMethods() took 0 ms.
2025-05-06 20:37:07 INFO  Utils:112 - [Utils] MethodGroupsHelper.collectMethodsByGroup() took 0 ms.
2025-05-06 20:37:07 INFO  Utils:112 - [Utils] MethodGroupsHelper.sortMethods() took 0 ms.
2025-05-06 20:37:07 INFO  Utils:112 - [Utils] MethodGroupsHelper.collectMethodsByGroup() took 0 ms.
2025-05-06 20:37:07 INFO  Utils:112 - [Utils] MethodGroupsHelper.sortMethods() took 0 ms.
2025-05-06 20:37:07 INFO  Utils:112 - [Utils] MethodGroupsHelper.collectMethodsByGroup() took 0 ms.
2025-05-06 20:37:07 INFO  Utils:112 - [Utils] MethodGroupsHelper.sortMethods() took 0 ms.
2025-05-06 20:37:07 INFO  Utils:112 - [Utils] MethodGroupsHelper.collectMethodsByGroup() took 6 ms.
2025-05-06 20:37:07 INFO  Utils:112 - [Utils] MethodGroupsHelper.sortMethods() took 9 ms.
2025-05-06 20:37:07 INFO  Utils:112 - [Utils] MethodGroupsHelper.collectMethodsByGroup() took 0 ms.
2025-05-06 20:37:07 INFO  Utils:112 - [Utils] MethodGroupsHelper.sortMethods() took 0 ms.
2025-05-06 20:37:07 INFO  Utils:112 - [Utils] MethodGroupsHelper.collectMethodsByGroup() took 0 ms.
2025-05-06 20:37:07 INFO  Utils:112 - [Utils] MethodGroupsHelper.sortMethods() took 0 ms.
2025-05-06 20:37:07 INFO  Utils:112 - [Utils] MethodGroupsHelper.collectMethodsByGroup() took 0 ms.
2025-05-06 20:37:07 INFO  Utils:112 - [Utils] MethodGroupsHelper.sortMethods() took 0 ms.
2025-05-06 20:37:07 INFO  Utils:112 - [Utils] MethodGroupsHelper.collectMethodsByGroup() took 0 ms.
2025-05-06 20:37:07 INFO  Utils:112 - [Utils] MethodGroupsHelper.sortMethods() took 0 ms.
2025-05-06 20:37:07 INFO  Utils:112 - [Utils] MethodGroupsHelper.collectMethodsByGroup() took 0 ms.
2025-05-06 20:37:07 INFO  Utils:112 - [Utils] MethodGroupsHelper.sortMethods() took 0 ms.
2025-05-06 20:37:07 INFO  Utils:112 - [Utils] MethodGroupsHelper.collectMethodsByGroup() took 0 ms.
2025-05-06 20:37:07 INFO  Utils:112 - [Utils] MethodGroupsHelper.sortMethods() took 0 ms.
2025-05-06 20:37:07 INFO  Utils:112 - [Utils] MethodGroupsHelper.collectMethodsByGroup() took 0 ms.
2025-05-06 20:37:07 INFO  Utils:112 - [Utils] MethodGroupsHelper.sortMethods() took 0 ms.
2025-05-06 20:37:07 INFO  Utils:112 - [Utils] MethodGroupsHelper.collectMethodsByGroup() took 0 ms.
2025-05-06 20:37:07 INFO  Utils:112 - [Utils] MethodGroupsHelper.sortMethods() took 1 ms.
2025-05-06 20:37:07 INFO  Utils:112 - [Utils] MethodGroupsHelper.collectMethodsByGroup() took 0 ms.
2025-05-06 20:37:07 INFO  Utils:112 - [Utils] MethodGroupsHelper.sortMethods() took 0 ms.
2025-05-06 20:37:07 INFO  Utils:112 - [Utils] MethodGroupsHelper.collectMethodsByGroup() took 0 ms.
2025-05-06 20:37:07 INFO  Utils:112 - [Utils] MethodGroupsHelper.sortMethods() took 0 ms.
2025-05-06 20:37:07 INFO  Utils:112 - [TestNG] Running:
  C:\Users\Jim\AppData\Local\Temp\testng-eclipse-1196486297\testng-customsuite.xml

2025-05-06 20:37:07 INFO  Utils:112 - [Utils] DynamicGraphHelper.createDynamicGraph() took 5 ms.
2025-05-06 20:37:48 INFO  Utils:112 - [TestNG] Time taken by org.testng.reporters.SuiteHTMLReporter@3e48e859: 43 ms
2025-05-06 20:37:48 INFO  Utils:112 - [TestNG] Time taken by org.testng.reporters.jq.Main@5e9456ae: 63 ms
2025-05-06 20:37:48 INFO  Utils:112 - [TestNG] Time taken by org.testng.reporters.FailedReporter@62e6a3ec: 15 ms
2025-05-06 20:37:48 INFO  Utils:112 - [TestNG] Time taken by org.testng.reporters.XMLReporter@3afae281: 16 ms
2025-05-06 20:37:48 INFO  Utils:112 - [TestNG] Time taken by org.testng.reporters.EmailableReporter2@652ce654: 16 ms
2025-05-06 20:37:48 INFO  Utils:112 - [TestNG] Time taken by org.testng.reporters.JUnitReportReporter@7ec58feb: 19 ms
2025-05-06 20:37:48 INFO  Utils:112 - [TestNG] Time taken by org.testng.internal.ExitCodeListener@1dbb650b: 0 ms
2025-05-06 20:41:43 INFO  Utils:112 - [Utils] MethodGroupsHelper.collectMethodsByGroup() took 0 ms.
2025-05-06 20:41:43 INFO  Utils:112 - [Utils] MethodGroupsHelper.sortMethods() took 0 ms.
2025-05-06 20:41:43 INFO  Utils:112 - [Utils] MethodGroupsHelper.collectMethodsByGroup() took 0 ms.
2025-05-06 20:41:43 INFO  Utils:112 - [Utils] MethodGroupsHelper.sortMethods() took 0 ms.
2025-05-06 20:41:43 INFO  Utils:112 - [Utils] MethodGroupsHelper.collectMethodsByGroup() took 0 ms.
2025-05-06 20:41:43 INFO  Utils:112 - [Utils] MethodGroupsHelper.sortMethods() took 0 ms.
2025-05-06 20:41:43 INFO  Utils:112 - [Utils] MethodGroupsHelper.collectMethodsByGroup() took 0 ms.
2025-05-06 20:41:43 INFO  Utils:112 - [Utils] MethodGroupsHelper.sortMethods() took 0 ms.
2025-05-06 20:41:43 INFO  Utils:112 - [Utils] MethodGroupsHelper.collectMethodsByGroup() took 7 ms.
2025-05-06 20:41:43 INFO  Utils:112 - [Utils] MethodGroupsHelper.sortMethods() took 12 ms.
2025-05-06 20:41:43 INFO  Utils:112 - [Utils] MethodGroupsHelper.collectMethodsByGroup() took 0 ms.
2025-05-06 20:41:43 INFO  Utils:112 - [Utils] MethodGroupsHelper.sortMethods() took 0 ms.
2025-05-06 20:41:43 INFO  Utils:112 - [Utils] MethodGroupsHelper.collectMethodsByGroup() took 0 ms.
2025-05-06 20:41:43 INFO  Utils:112 - [Utils] MethodGroupsHelper.sortMethods() took 0 ms.
2025-05-06 20:41:43 INFO  Utils:112 - [Utils] MethodGroupsHelper.collectMethodsByGroup() took 0 ms.
2025-05-06 20:41:43 INFO  Utils:112 - [Utils] MethodGroupsHelper.sortMethods() took 0 ms.
2025-05-06 20:41:43 INFO  Utils:112 - [Utils] MethodGroupsHelper.collectMethodsByGroup() took 0 ms.
2025-05-06 20:41:43 INFO  Utils:112 - [Utils] MethodGroupsHelper.sortMethods() took 0 ms.
2025-05-06 20:41:43 INFO  Utils:112 - [Utils] MethodGroupsHelper.collectMethodsByGroup() took 0 ms.
2025-05-06 20:41:43 INFO  Utils:112 - [Utils] MethodGroupsHelper.sortMethods() took 0 ms.
2025-05-06 20:41:43 INFO  Utils:112 - [Utils] MethodGroupsHelper.collectMethodsByGroup() took 0 ms.
2025-05-06 20:41:43 INFO  Utils:112 - [Utils] MethodGroupsHelper.sortMethods() took 0 ms.
2025-05-06 20:41:43 INFO  Utils:112 - [Utils] MethodGroupsHelper.collectMethodsByGroup() took 0 ms.
2025-05-06 20:41:43 INFO  Utils:112 - [Utils] MethodGroupsHelper.sortMethods() took 0 ms.
2025-05-06 20:41:43 INFO  Utils:112 - [Utils] MethodGroupsHelper.collectMethodsByGroup() took 0 ms.
2025-05-06 20:41:43 INFO  Utils:112 - [Utils] MethodGroupsHelper.sortMethods() took 1 ms.
2025-05-06 20:41:43 INFO  Utils:112 - [Utils] MethodGroupsHelper.collectMethodsByGroup() took 0 ms.
2025-05-06 20:41:43 INFO  Utils:112 - [Utils] MethodGroupsHelper.sortMethods() took 0 ms.
2025-05-06 20:41:43 INFO  Utils:112 - [Utils] MethodGroupsHelper.collectMethodsByGroup() took 0 ms.
2025-05-06 20:41:43 INFO  Utils:112 - [Utils] MethodGroupsHelper.sortMethods() took 0 ms.
2025-05-06 20:41:43 INFO  Utils:112 - [TestNG] Running:
  C:\Users\Jim\AppData\Local\Temp\testng-eclipse-430250378\testng-customsuite.xml

2025-05-06 20:41:43 INFO  Utils:112 - [Utils] DynamicGraphHelper.createDynamicGraph() took 5 ms.
2025-05-06 20:41:59 INFO  Utils:112 - [TestNG] Time taken by org.testng.reporters.SuiteHTMLReporter@66e889df: 33 ms
2025-05-06 20:41:59 INFO  Utils:112 - [TestNG] Time taken by org.testng.reporters.jq.Main@60e5272: 74 ms
2025-05-06 20:41:59 INFO  Utils:112 - [TestNG] Time taken by org.testng.reporters.FailedReporter@6124287a: 8 ms
2025-05-06 20:41:59 INFO  Utils:112 - [TestNG] Time taken by org.testng.reporters.XMLReporter@51dbd6e4: 14 ms
2025-05-06 20:41:59 INFO  Utils:112 - [TestNG] Time taken by org.testng.reporters.EmailableReporter2@58399d82: 0 ms
2025-05-06 20:41:59 INFO  Utils:112 - [TestNG] Time taken by org.testng.reporters.JUnitReportReporter@652ce654: 17 ms
2025-05-06 20:41:59 INFO  Utils:112 - [TestNG] Time taken by org.testng.internal.ExitCodeListener@522ba524: 0 ms
2025-05-06 20:44:53 INFO  Utils:112 - [Utils] MethodGroupsHelper.collectMethodsByGroup() took 2 ms.
2025-05-06 20:44:53 INFO  Utils:112 - [Utils] MethodGroupsHelper.sortMethods() took 2 ms.
2025-05-06 20:44:53 INFO  Utils:112 - [Utils] MethodGroupsHelper.collectMethodsByGroup() took 0 ms.
2025-05-06 20:44:53 INFO  Utils:112 - [Utils] MethodGroupsHelper.sortMethods() took 0 ms.
2025-05-06 20:44:53 INFO  Utils:112 - [Utils] MethodGroupsHelper.collectMethodsByGroup() took 0 ms.
2025-05-06 20:44:53 INFO  Utils:112 - [Utils] MethodGroupsHelper.sortMethods() took 0 ms.
2025-05-06 20:44:53 INFO  Utils:112 - [Utils] MethodGroupsHelper.collectMethodsByGroup() took 0 ms.
2025-05-06 20:44:53 INFO  Utils:112 - [Utils] MethodGroupsHelper.sortMethods() took 0 ms.
2025-05-06 20:44:53 INFO  Utils:112 - [Utils] MethodGroupsHelper.collectMethodsByGroup() took 6 ms.
2025-05-06 20:44:53 INFO  Utils:112 - [Utils] MethodGroupsHelper.sortMethods() took 12 ms.
2025-05-06 20:44:53 INFO  Utils:112 - [Utils] MethodGroupsHelper.collectMethodsByGroup() took 0 ms.
2025-05-06 20:44:53 INFO  Utils:112 - [Utils] MethodGroupsHelper.sortMethods() took 0 ms.
2025-05-06 20:44:53 INFO  Utils:112 - [Utils] MethodGroupsHelper.collectMethodsByGroup() took 0 ms.
2025-05-06 20:44:53 INFO  Utils:112 - [Utils] MethodGroupsHelper.sortMethods() took 0 ms.
2025-05-06 20:44:53 INFO  Utils:112 - [Utils] MethodGroupsHelper.collectMethodsByGroup() took 0 ms.
2025-05-06 20:44:53 INFO  Utils:112 - [Utils] MethodGroupsHelper.sortMethods() took 0 ms.
2025-05-06 20:44:53 INFO  Utils:112 - [Utils] MethodGroupsHelper.collectMethodsByGroup() took 0 ms.
2025-05-06 20:44:53 INFO  Utils:112 - [Utils] MethodGroupsHelper.sortMethods() took 0 ms.
2025-05-06 20:44:53 INFO  Utils:112 - [Utils] MethodGroupsHelper.collectMethodsByGroup() took 0 ms.
2025-05-06 20:44:53 INFO  Utils:112 - [Utils] MethodGroupsHelper.sortMethods() took 0 ms.
2025-05-06 20:44:53 INFO  Utils:112 - [Utils] MethodGroupsHelper.collectMethodsByGroup() took 0 ms.
2025-05-06 20:44:53 INFO  Utils:112 - [Utils] MethodGroupsHelper.sortMethods() took 0 ms.
2025-05-06 20:44:53 INFO  Utils:112 - [Utils] MethodGroupsHelper.collectMethodsByGroup() took 0 ms.
2025-05-06 20:44:53 INFO  Utils:112 - [Utils] MethodGroupsHelper.sortMethods() took 0 ms.
2025-05-06 20:44:53 INFO  Utils:112 - [Utils] MethodGroupsHelper.collectMethodsByGroup() took 0 ms.
2025-05-06 20:44:53 INFO  Utils:112 - [Utils] MethodGroupsHelper.sortMethods() took 2 ms.
2025-05-06 20:44:53 INFO  Utils:112 - [Utils] MethodGroupsHelper.collectMethodsByGroup() took 0 ms.
2025-05-06 20:44:53 INFO  Utils:112 - [Utils] MethodGroupsHelper.sortMethods() took 0 ms.
2025-05-06 20:44:53 INFO  Utils:112 - [Utils] MethodGroupsHelper.collectMethodsByGroup() took 0 ms.
2025-05-06 20:44:53 INFO  Utils:112 - [Utils] MethodGroupsHelper.sortMethods() took 0 ms.
2025-05-06 20:44:53 INFO  Utils:112 - [TestNG] Running:
  C:\Users\Jim\AppData\Local\Temp\testng-eclipse--442901407\testng-customsuite.xml

2025-05-06 20:44:53 INFO  Utils:112 - [Utils] DynamicGraphHelper.createDynamicGraph() took 4 ms.
2025-05-06 20:45:34 INFO  Utils:112 - [TestNG] Time taken by org.testng.reporters.SuiteHTMLReporter@58496dc: 49 ms
2025-05-06 20:45:35 INFO  Utils:112 - [TestNG] Time taken by org.testng.reporters.jq.Main@41b0ae4c: 59 ms
2025-05-06 20:45:35 INFO  Utils:112 - [TestNG] Time taken by org.testng.reporters.FailedReporter@af9a89f: 0 ms
2025-05-06 20:45:35 INFO  Utils:112 - [TestNG] Time taken by org.testng.reporters.XMLReporter@56ac5c80: 7 ms
2025-05-06 20:45:35 INFO  Utils:112 - [TestNG] Time taken by org.testng.reporters.EmailableReporter2@70101687: 7 ms
2025-05-06 20:45:35 INFO  Utils:112 - [TestNG] Time taken by org.testng.reporters.JUnitReportReporter@604b1e1d: 8 ms
2025-05-06 20:45:35 INFO  Utils:112 - [TestNG] Time taken by org.testng.internal.ExitCodeListener@62566842: 0 ms
2025-05-06 20:47:25 INFO  Utils:112 - [Utils] MethodGroupsHelper.collectMethodsByGroup() took 0 ms.
2025-05-06 20:47:25 INFO  Utils:112 - [Utils] MethodGroupsHelper.sortMethods() took 2 ms.
2025-05-06 20:47:25 INFO  Utils:112 - [Utils] MethodGroupsHelper.collectMethodsByGroup() took 0 ms.
2025-05-06 20:47:25 INFO  Utils:112 - [Utils] MethodGroupsHelper.sortMethods() took 0 ms.
2025-05-06 20:47:25 INFO  Utils:112 - [Utils] MethodGroupsHelper.collectMethodsByGroup() took 0 ms.
2025-05-06 20:47:25 INFO  Utils:112 - [Utils] MethodGroupsHelper.sortMethods() took 0 ms.
2025-05-06 20:47:25 INFO  Utils:112 - [Utils] MethodGroupsHelper.collectMethodsByGroup() took 0 ms.
2025-05-06 20:47:25 INFO  Utils:112 - [Utils] MethodGroupsHelper.sortMethods() took 0 ms.
2025-05-06 20:47:25 INFO  Utils:112 - [Utils] MethodGroupsHelper.collectMethodsByGroup() took 9 ms.
2025-05-06 20:47:25 INFO  Utils:112 - [Utils] MethodGroupsHelper.sortMethods() took 13 ms.
2025-05-06 20:47:25 INFO  Utils:112 - [Utils] MethodGroupsHelper.collectMethodsByGroup() took 0 ms.
2025-05-06 20:47:25 INFO  Utils:112 - [Utils] MethodGroupsHelper.sortMethods() took 0 ms.
2025-05-06 20:47:25 INFO  Utils:112 - [Utils] MethodGroupsHelper.collectMethodsByGroup() took 0 ms.
2025-05-06 20:47:25 INFO  Utils:112 - [Utils] MethodGroupsHelper.sortMethods() took 0 ms.
2025-05-06 20:47:25 INFO  Utils:112 - [Utils] MethodGroupsHelper.collectMethodsByGroup() took 0 ms.
2025-05-06 20:47:25 INFO  Utils:112 - [Utils] MethodGroupsHelper.sortMethods() took 0 ms.
2025-05-06 20:47:25 INFO  Utils:112 - [Utils] MethodGroupsHelper.collectMethodsByGroup() took 0 ms.
2025-05-06 20:47:25 INFO  Utils:112 - [Utils] MethodGroupsHelper.sortMethods() took 0 ms.
2025-05-06 20:47:25 INFO  Utils:112 - [Utils] MethodGroupsHelper.collectMethodsByGroup() took 0 ms.
2025-05-06 20:47:25 INFO  Utils:112 - [Utils] MethodGroupsHelper.sortMethods() took 0 ms.
2025-05-06 20:47:25 INFO  Utils:112 - [Utils] MethodGroupsHelper.collectMethodsByGroup() took 0 ms.
2025-05-06 20:47:25 INFO  Utils:112 - [Utils] MethodGroupsHelper.sortMethods() took 0 ms.
2025-05-06 20:47:25 INFO  Utils:112 - [Utils] MethodGroupsHelper.collectMethodsByGroup() took 0 ms.
2025-05-06 20:47:25 INFO  Utils:112 - [Utils] MethodGroupsHelper.sortMethods() took 0 ms.
2025-05-06 20:47:25 INFO  Utils:112 - [Utils] MethodGroupsHelper.collectMethodsByGroup() took 0 ms.
2025-05-06 20:47:25 INFO  Utils:112 - [Utils] MethodGroupsHelper.sortMethods() took 2 ms.
2025-05-06 20:47:25 INFO  Utils:112 - [Utils] MethodGroupsHelper.collectMethodsByGroup() took 0 ms.
2025-05-06 20:47:25 INFO  Utils:112 - [Utils] MethodGroupsHelper.sortMethods() took 0 ms.
2025-05-06 20:47:25 INFO  Utils:112 - [Utils] MethodGroupsHelper.collectMethodsByGroup() took 0 ms.
2025-05-06 20:47:25 INFO  Utils:112 - [Utils] MethodGroupsHelper.sortMethods() took 0 ms.
2025-05-06 20:47:25 INFO  Utils:112 - [TestNG] Running:
  C:\Users\Jim\AppData\Local\Temp\testng-eclipse--515990019\testng-customsuite.xml

2025-05-06 20:47:25 INFO  Utils:112 - [Utils] DynamicGraphHelper.createDynamicGraph() took 4 ms.
2025-05-06 20:47:53 INFO  Utils:112 - [TestNG] Time taken by org.testng.reporters.SuiteHTMLReporter@67001148: 32 ms
2025-05-06 20:47:53 INFO  Utils:112 - [TestNG] Time taken by org.testng.reporters.jq.Main@70e3f36f: 63 ms
2025-05-06 20:47:53 INFO  Utils:112 - [TestNG] Time taken by org.testng.reporters.FailedReporter@6dd91637: 0 ms
2025-05-06 20:47:53 INFO  Utils:112 - [TestNG] Time taken by org.testng.reporters.XMLReporter@c81fd12: 15 ms
2025-05-06 20:47:53 INFO  Utils:112 - [TestNG] Time taken by org.testng.reporters.EmailableReporter2@29852487: 0 ms
2025-05-06 20:47:53 INFO  Utils:112 - [TestNG] Time taken by org.testng.reporters.JUnitReportReporter@5c645b43: 16 ms
2025-05-06 20:47:53 INFO  Utils:112 - [TestNG] Time taken by org.testng.internal.ExitCodeListener@6bd16207: 0 ms
2025-05-06 20:50:41 INFO  Utils:112 - [Utils] MethodGroupsHelper.collectMethodsByGroup() took 0 ms.
2025-05-06 20:50:41 INFO  Utils:112 - [Utils] MethodGroupsHelper.sortMethods() took 2 ms.
2025-05-06 20:50:41 INFO  Utils:112 - [Utils] MethodGroupsHelper.collectMethodsByGroup() took 0 ms.
2025-05-06 20:50:41 INFO  Utils:112 - [Utils] MethodGroupsHelper.sortMethods() took 0 ms.
2025-05-06 20:50:41 INFO  Utils:112 - [Utils] MethodGroupsHelper.collectMethodsByGroup() took 0 ms.
2025-05-06 20:50:41 INFO  Utils:112 - [Utils] MethodGroupsHelper.sortMethods() took 0 ms.
2025-05-06 20:50:41 INFO  Utils:112 - [Utils] MethodGroupsHelper.collectMethodsByGroup() took 0 ms.
2025-05-06 20:50:41 INFO  Utils:112 - [Utils] MethodGroupsHelper.sortMethods() took 0 ms.
2025-05-06 20:50:41 INFO  Utils:112 - [Utils] MethodGroupsHelper.collectMethodsByGroup() took 6 ms.
2025-05-06 20:50:41 INFO  Utils:112 - [Utils] MethodGroupsHelper.sortMethods() took 10 ms.
2025-05-06 20:50:41 INFO  Utils:112 - [Utils] MethodGroupsHelper.collectMethodsByGroup() took 0 ms.
2025-05-06 20:50:41 INFO  Utils:112 - [Utils] MethodGroupsHelper.sortMethods() took 0 ms.
2025-05-06 20:50:41 INFO  Utils:112 - [Utils] MethodGroupsHelper.collectMethodsByGroup() took 0 ms.
2025-05-06 20:50:41 INFO  Utils:112 - [Utils] MethodGroupsHelper.sortMethods() took 0 ms.
2025-05-06 20:50:41 INFO  Utils:112 - [Utils] MethodGroupsHelper.collectMethodsByGroup() took 0 ms.
2025-05-06 20:50:41 INFO  Utils:112 - [Utils] MethodGroupsHelper.sortMethods() took 0 ms.
2025-05-06 20:50:41 INFO  Utils:112 - [Utils] MethodGroupsHelper.collectMethodsByGroup() took 0 ms.
2025-05-06 20:50:41 INFO  Utils:112 - [Utils] MethodGroupsHelper.sortMethods() took 0 ms.
2025-05-06 20:50:41 INFO  Utils:112 - [Utils] MethodGroupsHelper.collectMethodsByGroup() took 0 ms.
2025-05-06 20:50:41 INFO  Utils:112 - [Utils] MethodGroupsHelper.sortMethods() took 0 ms.
2025-05-06 20:50:41 INFO  Utils:112 - [Utils] MethodGroupsHelper.collectMethodsByGroup() took 0 ms.
2025-05-06 20:50:41 INFO  Utils:112 - [Utils] MethodGroupsHelper.sortMethods() took 0 ms.
2025-05-06 20:50:41 INFO  Utils:112 - [Utils] MethodGroupsHelper.collectMethodsByGroup() took 0 ms.
2025-05-06 20:50:41 INFO  Utils:112 - [Utils] MethodGroupsHelper.sortMethods() took 0 ms.
2025-05-06 20:50:41 INFO  Utils:112 - [Utils] MethodGroupsHelper.collectMethodsByGroup() took 1 ms.
2025-05-06 20:50:41 INFO  Utils:112 - [Utils] MethodGroupsHelper.sortMethods() took 2 ms.
2025-05-06 20:50:41 INFO  Utils:112 - [Utils] MethodGroupsHelper.collectMethodsByGroup() took 0 ms.
2025-05-06 20:50:41 INFO  Utils:112 - [Utils] MethodGroupsHelper.sortMethods() took 0 ms.
2025-05-06 20:50:41 INFO  Utils:112 - [Utils] MethodGroupsHelper.collectMethodsByGroup() took 0 ms.
2025-05-06 20:50:41 INFO  Utils:112 - [Utils] MethodGroupsHelper.sortMethods() took 0 ms.
2025-05-06 20:50:41 INFO  Utils:112 - [TestNG] Running:
  C:\Users\Jim\AppData\Local\Temp\testng-eclipse--2076037895\testng-customsuite.xml

2025-05-06 20:50:41 INFO  Utils:112 - [Utils] DynamicGraphHelper.createDynamicGraph() took 5 ms.
2025-05-06 20:50:56 INFO  Utils:112 - [TestNG] Time taken by org.testng.reporters.SuiteHTMLReporter@5ffc5491: 35 ms
2025-05-06 20:50:56 INFO  Utils:112 - [TestNG] Time taken by org.testng.reporters.jq.Main@2375b321: 69 ms
2025-05-06 20:50:56 INFO  Utils:112 - [TestNG] Time taken by org.testng.reporters.FailedReporter@4159e81b: 14 ms
2025-05-06 20:50:56 INFO  Utils:112 - [TestNG] Time taken by org.testng.reporters.XMLReporter@759d81f3: 18 ms
2025-05-06 20:50:56 INFO  Utils:112 - [TestNG] Time taken by org.testng.reporters.EmailableReporter2@e8fadb0: 13 ms
2025-05-06 20:50:56 INFO  Utils:112 - [TestNG] Time taken by org.testng.reporters.JUnitReportReporter@3bc735b3: 8 ms
2025-05-06 20:50:56 INFO  Utils:112 - [TestNG] Time taken by org.testng.internal.ExitCodeListener@577f9109: 0 ms
2025-05-06 20:51:23 INFO  Utils:112 - [Utils] MethodGroupsHelper.collectMethodsByGroup() took 0 ms.
2025-05-06 20:51:23 INFO  Utils:112 - [Utils] MethodGroupsHelper.sortMethods() took 2 ms.
2025-05-06 20:51:23 INFO  Utils:112 - [Utils] MethodGroupsHelper.collectMethodsByGroup() took 0 ms.
2025-05-06 20:51:23 INFO  Utils:112 - [Utils] MethodGroupsHelper.sortMethods() took 0 ms.
2025-05-06 20:51:23 INFO  Utils:112 - [Utils] MethodGroupsHelper.collectMethodsByGroup() took 0 ms.
2025-05-06 20:51:23 INFO  Utils:112 - [Utils] MethodGroupsHelper.sortMethods() took 0 ms.
2025-05-06 20:51:23 INFO  Utils:112 - [Utils] MethodGroupsHelper.collectMethodsByGroup() took 0 ms.
2025-05-06 20:51:23 INFO  Utils:112 - [Utils] MethodGroupsHelper.sortMethods() took 0 ms.
2025-05-06 20:51:23 INFO  Utils:112 - [Utils] MethodGroupsHelper.collectMethodsByGroup() took 8 ms.
2025-05-06 20:51:23 INFO  Utils:112 - [Utils] MethodGroupsHelper.sortMethods() took 11 ms.
2025-05-06 20:51:23 INFO  Utils:112 - [Utils] MethodGroupsHelper.collectMethodsByGroup() took 0 ms.
2025-05-06 20:51:23 INFO  Utils:112 - [Utils] MethodGroupsHelper.sortMethods() took 0 ms.
2025-05-06 20:51:23 INFO  Utils:112 - [Utils] MethodGroupsHelper.collectMethodsByGroup() took 0 ms.
2025-05-06 20:51:23 INFO  Utils:112 - [Utils] MethodGroupsHelper.sortMethods() took 0 ms.
2025-05-06 20:51:23 INFO  Utils:112 - [Utils] MethodGroupsHelper.collectMethodsByGroup() took 0 ms.
2025-05-06 20:51:23 INFO  Utils:112 - [Utils] MethodGroupsHelper.sortMethods() took 0 ms.
2025-05-06 20:51:23 INFO  Utils:112 - [Utils] MethodGroupsHelper.collectMethodsByGroup() took 0 ms.
2025-05-06 20:51:23 INFO  Utils:112 - [Utils] MethodGroupsHelper.sortMethods() took 0 ms.
2025-05-06 20:51:23 INFO  Utils:112 - [Utils] MethodGroupsHelper.collectMethodsByGroup() took 0 ms.
2025-05-06 20:51:23 INFO  Utils:112 - [Utils] MethodGroupsHelper.sortMethods() took 0 ms.
2025-05-06 20:51:23 INFO  Utils:112 - [Utils] MethodGroupsHelper.collectMethodsByGroup() took 0 ms.
2025-05-06 20:51:23 INFO  Utils:112 - [Utils] MethodGroupsHelper.sortMethods() took 0 ms.
2025-05-06 20:51:23 INFO  Utils:112 - [Utils] MethodGroupsHelper.collectMethodsByGroup() took 0 ms.
2025-05-06 20:51:23 INFO  Utils:112 - [Utils] MethodGroupsHelper.sortMethods() took 0 ms.
2025-05-06 20:51:23 INFO  Utils:112 - [Utils] MethodGroupsHelper.collectMethodsByGroup() took 1 ms.
2025-05-06 20:51:23 INFO  Utils:112 - [Utils] MethodGroupsHelper.sortMethods() took 1 ms.
2025-05-06 20:51:23 INFO  Utils:112 - [Utils] MethodGroupsHelper.collectMethodsByGroup() took 0 ms.
2025-05-06 20:51:23 INFO  Utils:112 - [Utils] MethodGroupsHelper.sortMethods() took 0 ms.
2025-05-06 20:51:23 INFO  Utils:112 - [Utils] MethodGroupsHelper.collectMethodsByGroup() took 0 ms.
2025-05-06 20:51:23 INFO  Utils:112 - [Utils] MethodGroupsHelper.sortMethods() took 0 ms.
2025-05-06 20:51:23 INFO  Utils:112 - [TestNG] Running:
  C:\Users\Jim\AppData\Local\Temp\testng-eclipse-512229253\testng-customsuite.xml

2025-05-06 20:51:23 INFO  Utils:112 - [Utils] DynamicGraphHelper.createDynamicGraph() took 2 ms.
2025-05-06 20:52:11 INFO  Utils:112 - [TestNG] Time taken by org.testng.reporters.SuiteHTMLReporter@cb0f763: 54 ms
2025-05-06 20:52:11 INFO  Utils:112 - [TestNG] Time taken by org.testng.reporters.jq.Main@5e8604bf: 63 ms
2025-05-06 20:52:11 INFO  Utils:112 - [TestNG] Time taken by org.testng.reporters.FailedReporter@20095ab4: 0 ms
2025-05-06 20:52:11 INFO  Utils:112 - [TestNG] Time taken by org.testng.reporters.XMLReporter@3d43fe: 0 ms
2025-05-06 20:52:11 INFO  Utils:112 - [TestNG] Time taken by org.testng.reporters.EmailableReporter2@32b9bd12: 16 ms
2025-05-06 20:52:11 INFO  Utils:112 - [TestNG] Time taken by org.testng.reporters.JUnitReportReporter@73044cdf: 15 ms
2025-05-06 20:52:11 INFO  Utils:112 - [TestNG] Time taken by org.testng.internal.ExitCodeListener@3cbcd8f3: 0 ms
2025-05-06 20:57:43 INFO  Utils:112 - [Utils] MethodGroupsHelper.collectMethodsByGroup() took 1 ms.
2025-05-06 20:57:43 INFO  Utils:112 - [Utils] MethodGroupsHelper.sortMethods() took 7 ms.
2025-05-06 20:57:43 INFO  Utils:112 - [Utils] MethodGroupsHelper.collectMethodsByGroup() took 0 ms.
2025-05-06 20:57:43 INFO  Utils:112 - [Utils] MethodGroupsHelper.sortMethods() took 0 ms.
2025-05-06 20:57:43 INFO  Utils:112 - [Utils] MethodGroupsHelper.collectMethodsByGroup() took 0 ms.
2025-05-06 20:57:43 INFO  Utils:112 - [Utils] MethodGroupsHelper.sortMethods() took 0 ms.
2025-05-06 20:57:43 INFO  Utils:112 - [Utils] MethodGroupsHelper.collectMethodsByGroup() took 0 ms.
2025-05-06 20:57:43 INFO  Utils:112 - [Utils] MethodGroupsHelper.sortMethods() took 0 ms.
2025-05-06 20:57:43 INFO  Utils:112 - [Utils] MethodGroupsHelper.collectMethodsByGroup() took 16 ms.
2025-05-06 20:57:43 INFO  Utils:112 - [Utils] MethodGroupsHelper.sortMethods() took 16 ms.
2025-05-06 20:57:43 INFO  Utils:112 - [Utils] MethodGroupsHelper.collectMethodsByGroup() took 0 ms.
2025-05-06 20:57:43 INFO  Utils:112 - [Utils] MethodGroupsHelper.sortMethods() took 0 ms.
2025-05-06 20:57:43 INFO  Utils:112 - [Utils] MethodGroupsHelper.collectMethodsByGroup() took 0 ms.
2025-05-06 20:57:43 INFO  Utils:112 - [Utils] MethodGroupsHelper.sortMethods() took 0 ms.
2025-05-06 20:57:43 INFO  Utils:112 - [Utils] MethodGroupsHelper.collectMethodsByGroup() took 0 ms.
2025-05-06 20:57:43 INFO  Utils:112 - [Utils] MethodGroupsHelper.sortMethods() took 0 ms.
2025-05-06 20:57:43 INFO  Utils:112 - [Utils] MethodGroupsHelper.collectMethodsByGroup() took 0 ms.
2025-05-06 20:57:43 INFO  Utils:112 - [Utils] MethodGroupsHelper.sortMethods() took 0 ms.
2025-05-06 20:57:43 INFO  Utils:112 - [Utils] MethodGroupsHelper.collectMethodsByGroup() took 0 ms.
2025-05-06 20:57:43 INFO  Utils:112 - [Utils] MethodGroupsHelper.sortMethods() took 0 ms.
2025-05-06 20:57:43 INFO  Utils:112 - [Utils] MethodGroupsHelper.collectMethodsByGroup() took 0 ms.
2025-05-06 20:57:43 INFO  Utils:112 - [Utils] MethodGroupsHelper.sortMethods() took 0 ms.
2025-05-06 20:57:43 INFO  Utils:112 - [Utils] MethodGroupsHelper.collectMethodsByGroup() took 0 ms.
2025-05-06 20:57:43 INFO  Utils:112 - [Utils] MethodGroupsHelper.sortMethods() took 0 ms.
2025-05-06 20:57:43 INFO  Utils:112 - [Utils] MethodGroupsHelper.collectMethodsByGroup() took 0 ms.
2025-05-06 20:57:43 INFO  Utils:112 - [Utils] MethodGroupsHelper.sortMethods() took 8 ms.
2025-05-06 20:57:43 INFO  Utils:112 - [Utils] MethodGroupsHelper.collectMethodsByGroup() took 0 ms.
2025-05-06 20:57:43 INFO  Utils:112 - [Utils] MethodGroupsHelper.sortMethods() took 0 ms.
2025-05-06 20:57:43 INFO  Utils:112 - [Utils] MethodGroupsHelper.collectMethodsByGroup() took 0 ms.
2025-05-06 20:57:43 INFO  Utils:112 - [Utils] MethodGroupsHelper.sortMethods() took 0 ms.
2025-05-06 20:57:43 INFO  Utils:112 - [TestNG] Running:
  C:\Users\Jim\AppData\Local\Temp\testng-eclipse--1118420308\testng-customsuite.xml

2025-05-06 20:57:43 INFO  Utils:112 - [Utils] DynamicGraphHelper.createDynamicGraph() took 12 ms.
2025-05-06 20:58:24 INFO  Utils:112 - [TestNG] Time taken by org.testng.reporters.SuiteHTMLReporter@773dab28: 200 ms
2025-05-06 20:58:24 INFO  Utils:112 - [TestNG] Time taken by org.testng.reporters.jq.Main@675ffd1d: 321 ms
2025-05-06 20:58:24 INFO  Utils:112 - [TestNG] Time taken by org.testng.reporters.FailedReporter@29852487: 41 ms
2025-05-06 20:58:24 INFO  Utils:112 - [TestNG] Time taken by org.testng.reporters.XMLReporter@78e89bfe: 39 ms
2025-05-06 20:58:25 INFO  Utils:112 - [TestNG] Time taken by org.testng.reporters.EmailableReporter2@6b474074: 35 ms
2025-05-06 20:58:25 INFO  Utils:112 - [TestNG] Time taken by org.testng.reporters.JUnitReportReporter@2788d0fe: 48 ms
2025-05-06 20:58:25 INFO  Utils:112 - [TestNG] Time taken by org.testng.internal.ExitCodeListener@73ab3aac: 0 ms
2025-05-06 21:03:53 INFO  Utils:112 - [Utils] MethodGroupsHelper.collectMethodsByGroup() took 5 ms.
2025-05-06 21:03:53 INFO  Utils:112 - [Utils] MethodGroupsHelper.sortMethods() took 8 ms.
2025-05-06 21:03:53 INFO  Utils:112 - [Utils] MethodGroupsHelper.collectMethodsByGroup() took 0 ms.
2025-05-06 21:03:53 INFO  Utils:112 - [Utils] MethodGroupsHelper.sortMethods() took 0 ms.
2025-05-06 21:03:53 INFO  Utils:112 - [Utils] MethodGroupsHelper.collectMethodsByGroup() took 0 ms.
2025-05-06 21:03:53 INFO  Utils:112 - [Utils] MethodGroupsHelper.sortMethods() took 0 ms.
2025-05-06 21:03:53 INFO  Utils:112 - [Utils] MethodGroupsHelper.collectMethodsByGroup() took 0 ms.
2025-05-06 21:03:53 INFO  Utils:112 - [Utils] MethodGroupsHelper.sortMethods() took 0 ms.
2025-05-06 21:03:53 INFO  Utils:112 - [Utils] MethodGroupsHelper.collectMethodsByGroup() took 12 ms.
2025-05-06 21:03:53 INFO  Utils:112 - [Utils] MethodGroupsHelper.sortMethods() took 39 ms.
2025-05-06 21:03:53 INFO  Utils:112 - [Utils] MethodGroupsHelper.collectMethodsByGroup() took 0 ms.
2025-05-06 21:03:53 INFO  Utils:112 - [Utils] MethodGroupsHelper.sortMethods() took 0 ms.
2025-05-06 21:03:53 INFO  Utils:112 - [Utils] MethodGroupsHelper.collectMethodsByGroup() took 0 ms.
2025-05-06 21:03:53 INFO  Utils:112 - [Utils] MethodGroupsHelper.sortMethods() took 0 ms.
2025-05-06 21:03:53 INFO  Utils:112 - [Utils] MethodGroupsHelper.collectMethodsByGroup() took 0 ms.
2025-05-06 21:03:53 INFO  Utils:112 - [Utils] MethodGroupsHelper.sortMethods() took 0 ms.
2025-05-06 21:03:53 INFO  Utils:112 - [Utils] MethodGroupsHelper.collectMethodsByGroup() took 0 ms.
2025-05-06 21:03:53 INFO  Utils:112 - [Utils] MethodGroupsHelper.sortMethods() took 0 ms.
2025-05-06 21:03:53 INFO  Utils:112 - [Utils] MethodGroupsHelper.collectMethodsByGroup() took 0 ms.
2025-05-06 21:03:53 INFO  Utils:112 - [Utils] MethodGroupsHelper.sortMethods() took 0 ms.
2025-05-06 21:03:53 INFO  Utils:112 - [Utils] MethodGroupsHelper.collectMethodsByGroup() took 0 ms.
2025-05-06 21:03:53 INFO  Utils:112 - [Utils] MethodGroupsHelper.sortMethods() took 0 ms.
2025-05-06 21:03:53 INFO  Utils:112 - [Utils] MethodGroupsHelper.collectMethodsByGroup() took 0 ms.
2025-05-06 21:03:53 INFO  Utils:112 - [Utils] MethodGroupsHelper.sortMethods() took 0 ms.
2025-05-06 21:03:53 INFO  Utils:112 - [Utils] MethodGroupsHelper.collectMethodsByGroup() took 3 ms.
2025-05-06 21:03:53 INFO  Utils:112 - [Utils] MethodGroupsHelper.sortMethods() took 7 ms.
2025-05-06 21:03:53 INFO  Utils:112 - [Utils] MethodGroupsHelper.collectMethodsByGroup() took 0 ms.
2025-05-06 21:03:53 INFO  Utils:112 - [Utils] MethodGroupsHelper.sortMethods() took 0 ms.
2025-05-06 21:03:53 INFO  Utils:112 - [Utils] MethodGroupsHelper.collectMethodsByGroup() took 0 ms.
2025-05-06 21:03:53 INFO  Utils:112 - [Utils] MethodGroupsHelper.sortMethods() took 0 ms.
2025-05-06 21:03:53 INFO  Utils:112 - [TestNG] Running:
  C:\Users\Jim\AppData\Local\Temp\testng-eclipse--1131733278\testng-customsuite.xml

2025-05-06 21:03:53 INFO  Utils:112 - [Utils] DynamicGraphHelper.createDynamicGraph() took 27 ms.
2025-05-06 21:04:30 INFO  Utils:112 - [TestNG] Time taken by org.testng.reporters.SuiteHTMLReporter@393881f0: 309 ms
2025-05-06 21:04:30 INFO  Utils:112 - [TestNG] Time taken by org.testng.reporters.jq.Main@45792847: 301 ms
2025-05-06 21:04:30 INFO  Utils:112 - [TestNG] Time taken by org.testng.reporters.FailedReporter@5f13be1: 91 ms
2025-05-06 21:04:30 INFO  Utils:112 - [TestNG] Time taken by org.testng.reporters.XMLReporter@3c0036b: 37 ms
2025-05-06 21:04:30 INFO  Utils:112 - [TestNG] Time taken by org.testng.reporters.EmailableReporter2@3104351d: 26 ms
2025-05-06 21:04:30 INFO  Utils:112 - [TestNG] Time taken by org.testng.reporters.JUnitReportReporter@3b08f438: 37 ms
2025-05-06 21:04:30 INFO  Utils:112 - [TestNG] Time taken by org.testng.internal.ExitCodeListener@2bac9ba: 2 ms
2025-05-06 21:29:18 INFO  Utils:112 - [Utils] MethodGroupsHelper.collectMethodsByGroup() took 1 ms.
2025-05-06 21:29:18 INFO  Utils:112 - [Utils] MethodGroupsHelper.sortMethods() took 4 ms.
2025-05-06 21:29:18 INFO  Utils:112 - [Utils] MethodGroupsHelper.collectMethodsByGroup() took 0 ms.
2025-05-06 21:29:18 INFO  Utils:112 - [Utils] MethodGroupsHelper.sortMethods() took 0 ms.
2025-05-06 21:29:18 INFO  Utils:112 - [Utils] MethodGroupsHelper.collectMethodsByGroup() took 0 ms.
2025-05-06 21:29:18 INFO  Utils:112 - [Utils] MethodGroupsHelper.sortMethods() took 0 ms.
2025-05-06 21:29:18 INFO  Utils:112 - [Utils] MethodGroupsHelper.collectMethodsByGroup() took 0 ms.
2025-05-06 21:29:18 INFO  Utils:112 - [Utils] MethodGroupsHelper.sortMethods() took 1 ms.
2025-05-06 21:29:18 INFO  Utils:112 - [Utils] MethodGroupsHelper.collectMethodsByGroup() took 9 ms.
2025-05-06 21:29:18 INFO  Utils:112 - [Utils] MethodGroupsHelper.sortMethods() took 33 ms.
2025-05-06 21:29:18 INFO  Utils:112 - [Utils] MethodGroupsHelper.collectMethodsByGroup() took 0 ms.
2025-05-06 21:29:18 INFO  Utils:112 - [Utils] MethodGroupsHelper.sortMethods() took 0 ms.
2025-05-06 21:29:18 INFO  Utils:112 - [Utils] MethodGroupsHelper.collectMethodsByGroup() took 0 ms.
2025-05-06 21:29:18 INFO  Utils:112 - [Utils] MethodGroupsHelper.sortMethods() took 0 ms.
2025-05-06 21:29:18 INFO  Utils:112 - [Utils] MethodGroupsHelper.collectMethodsByGroup() took 0 ms.
2025-05-06 21:29:18 INFO  Utils:112 - [Utils] MethodGroupsHelper.sortMethods() took 0 ms.
2025-05-06 21:29:18 INFO  Utils:112 - [Utils] MethodGroupsHelper.collectMethodsByGroup() took 0 ms.
2025-05-06 21:29:18 INFO  Utils:112 - [Utils] MethodGroupsHelper.sortMethods() took 0 ms.
2025-05-06 21:29:18 INFO  Utils:112 - [Utils] MethodGroupsHelper.collectMethodsByGroup() took 0 ms.
2025-05-06 21:29:18 INFO  Utils:112 - [Utils] MethodGroupsHelper.sortMethods() took 0 ms.
2025-05-06 21:29:18 INFO  Utils:112 - [Utils] MethodGroupsHelper.collectMethodsByGroup() took 1 ms.
2025-05-06 21:29:18 INFO  Utils:112 - [Utils] MethodGroupsHelper.sortMethods() took 0 ms.
2025-05-06 21:29:18 INFO  Utils:112 - [Utils] MethodGroupsHelper.collectMethodsByGroup() took 0 ms.
2025-05-06 21:29:18 INFO  Utils:112 - [Utils] MethodGroupsHelper.sortMethods() took 0 ms.
2025-05-06 21:29:18 INFO  Utils:112 - [Utils] MethodGroupsHelper.collectMethodsByGroup() took 1 ms.
2025-05-06 21:29:18 INFO  Utils:112 - [Utils] MethodGroupsHelper.sortMethods() took 6 ms.
2025-05-06 21:29:18 INFO  Utils:112 - [Utils] MethodGroupsHelper.collectMethodsByGroup() took 0 ms.
2025-05-06 21:29:18 INFO  Utils:112 - [Utils] MethodGroupsHelper.sortMethods() took 0 ms.
2025-05-06 21:29:18 INFO  Utils:112 - [Utils] MethodGroupsHelper.collectMethodsByGroup() took 0 ms.
2025-05-06 21:29:18 INFO  Utils:112 - [Utils] MethodGroupsHelper.sortMethods() took 0 ms.
2025-05-06 21:29:18 INFO  Utils:112 - [TestNG] Running:
  C:\Users\Jim\AppData\Local\Temp\testng-eclipse--1517676940\testng-customsuite.xml

2025-05-06 21:29:18 INFO  Utils:112 - [Utils] DynamicGraphHelper.createDynamicGraph() took 18 ms.
2025-05-06 21:29:51 INFO  Utils:112 - [TestNG] Time taken by org.testng.reporters.SuiteHTMLReporter@4455f57d: 124 ms
2025-05-06 21:29:51 INFO  Utils:112 - [TestNG] Time taken by org.testng.reporters.jq.Main@248deced: 245 ms
2025-05-06 21:29:51 INFO  Utils:112 - [TestNG] Time taken by org.testng.reporters.FailedReporter@3c7cfcbb: 50 ms
2025-05-06 21:29:51 INFO  Utils:112 - [TestNG] Time taken by org.testng.reporters.XMLReporter@63da207f: 23 ms
2025-05-06 21:29:51 INFO  Utils:112 - [TestNG] Time taken by org.testng.reporters.EmailableReporter2@45792847: 15 ms
2025-05-06 21:29:51 INFO  Utils:112 - [TestNG] Time taken by org.testng.reporters.JUnitReportReporter@5631962: 27 ms
2025-05-06 21:29:51 INFO  Utils:112 - [TestNG] Time taken by org.testng.internal.ExitCodeListener@52a70627: 0 ms
2025-05-06 21:40:43 INFO  Utils:112 - [Utils] MethodGroupsHelper.collectMethodsByGroup() took 3 ms.
2025-05-06 21:40:43 INFO  Utils:112 - [Utils] MethodGroupsHelper.sortMethods() took 6 ms.
2025-05-06 21:40:43 INFO  Utils:112 - [Utils] MethodGroupsHelper.collectMethodsByGroup() took 0 ms.
2025-05-06 21:40:43 INFO  Utils:112 - [Utils] MethodGroupsHelper.sortMethods() took 0 ms.
2025-05-06 21:40:43 INFO  Utils:112 - [Utils] MethodGroupsHelper.collectMethodsByGroup() took 0 ms.
2025-05-06 21:40:43 INFO  Utils:112 - [Utils] MethodGroupsHelper.sortMethods() took 0 ms.
2025-05-06 21:40:43 INFO  Utils:112 - [Utils] MethodGroupsHelper.collectMethodsByGroup() took 0 ms.
2025-05-06 21:40:43 INFO  Utils:112 - [Utils] MethodGroupsHelper.sortMethods() took 0 ms.
2025-05-06 21:40:43 INFO  Utils:112 - [Utils] MethodGroupsHelper.collectMethodsByGroup() took 12 ms.
2025-05-06 21:40:43 INFO  Utils:112 - [Utils] MethodGroupsHelper.sortMethods() took 32 ms.
2025-05-06 21:40:43 INFO  Utils:112 - [Utils] MethodGroupsHelper.collectMethodsByGroup() took 0 ms.
2025-05-06 21:40:43 INFO  Utils:112 - [Utils] MethodGroupsHelper.sortMethods() took 1 ms.
2025-05-06 21:40:43 INFO  Utils:112 - [Utils] MethodGroupsHelper.collectMethodsByGroup() took 0 ms.
2025-05-06 21:40:43 INFO  Utils:112 - [Utils] MethodGroupsHelper.sortMethods() took 0 ms.
2025-05-06 21:40:43 INFO  Utils:112 - [Utils] MethodGroupsHelper.collectMethodsByGroup() took 0 ms.
2025-05-06 21:40:43 INFO  Utils:112 - [Utils] MethodGroupsHelper.sortMethods() took 0 ms.
2025-05-06 21:40:43 INFO  Utils:112 - [Utils] MethodGroupsHelper.collectMethodsByGroup() took 0 ms.
2025-05-06 21:40:43 INFO  Utils:112 - [Utils] MethodGroupsHelper.sortMethods() took 0 ms.
2025-05-06 21:40:43 INFO  Utils:112 - [Utils] MethodGroupsHelper.collectMethodsByGroup() took 0 ms.
2025-05-06 21:40:43 INFO  Utils:112 - [Utils] MethodGroupsHelper.sortMethods() took 0 ms.
2025-05-06 21:40:43 INFO  Utils:112 - [Utils] MethodGroupsHelper.collectMethodsByGroup() took 0 ms.
2025-05-06 21:40:43 INFO  Utils:112 - [Utils] MethodGroupsHelper.sortMethods() took 0 ms.
2025-05-06 21:40:43 INFO  Utils:112 - [Utils] MethodGroupsHelper.collectMethodsByGroup() took 0 ms.
2025-05-06 21:40:43 INFO  Utils:112 - [Utils] MethodGroupsHelper.sortMethods() took 0 ms.
2025-05-06 21:40:43 INFO  Utils:112 - [Utils] MethodGroupsHelper.collectMethodsByGroup() took 2 ms.
2025-05-06 21:40:43 INFO  Utils:112 - [Utils] MethodGroupsHelper.sortMethods() took 6 ms.
2025-05-06 21:40:43 INFO  Utils:112 - [Utils] MethodGroupsHelper.collectMethodsByGroup() took 0 ms.
2025-05-06 21:40:43 INFO  Utils:112 - [Utils] MethodGroupsHelper.sortMethods() took 0 ms.
2025-05-06 21:40:43 INFO  Utils:112 - [Utils] MethodGroupsHelper.collectMethodsByGroup() took 0 ms.
2025-05-06 21:40:43 INFO  Utils:112 - [Utils] MethodGroupsHelper.sortMethods() took 0 ms.
2025-05-06 21:40:43 INFO  Utils:112 - [TestNG] Running:
  C:\Users\Jim\AppData\Local\Temp\testng-eclipse-1254418627\testng-customsuite.xml

2025-05-06 21:40:43 INFO  Utils:112 - [Utils] DynamicGraphHelper.createDynamicGraph() took 34 ms.
2025-05-06 21:41:09 INFO  Utils:112 - [TestNG] Time taken by org.testng.reporters.SuiteHTMLReporter@47b2e9e1: 115 ms
2025-05-06 21:41:10 INFO  Utils:112 - [TestNG] Time taken by org.testng.reporters.jq.Main@5d1e09bc: 342 ms
2025-05-06 21:41:10 INFO  Utils:112 - [TestNG] Time taken by org.testng.reporters.FailedReporter@6b63d445: 29 ms
2025-05-06 21:41:10 INFO  Utils:112 - [TestNG] Time taken by org.testng.reporters.XMLReporter@783efb48: 49 ms
2025-05-06 21:41:10 INFO  Utils:112 - [TestNG] Time taken by org.testng.reporters.EmailableReporter2@31fc71ab: 24 ms
2025-05-06 21:41:10 INFO  Utils:112 - [TestNG] Time taken by org.testng.reporters.JUnitReportReporter@42c2f48c: 21 ms
2025-05-06 21:41:10 INFO  Utils:112 - [TestNG] Time taken by org.testng.internal.ExitCodeListener@3005db4a: 0 ms
2025-05-06 21:45:34 INFO  Utils:112 - [Utils] MethodGroupsHelper.collectMethodsByGroup() took 2 ms.
2025-05-06 21:45:34 INFO  Utils:112 - [Utils] MethodGroupsHelper.sortMethods() took 8 ms.
2025-05-06 21:45:34 INFO  Utils:112 - [Utils] MethodGroupsHelper.collectMethodsByGroup() took 0 ms.
2025-05-06 21:45:34 INFO  Utils:112 - [Utils] MethodGroupsHelper.sortMethods() took 0 ms.
2025-05-06 21:45:34 INFO  Utils:112 - [Utils] MethodGroupsHelper.collectMethodsByGroup() took 0 ms.
2025-05-06 21:45:34 INFO  Utils:112 - [Utils] MethodGroupsHelper.sortMethods() took 0 ms.
2025-05-06 21:45:34 INFO  Utils:112 - [Utils] MethodGroupsHelper.collectMethodsByGroup() took 0 ms.
2025-05-06 21:45:34 INFO  Utils:112 - [Utils] MethodGroupsHelper.sortMethods() took 0 ms.
2025-05-06 21:45:34 INFO  Utils:112 - [Utils] MethodGroupsHelper.collectMethodsByGroup() took 26 ms.
2025-05-06 21:45:34 INFO  Utils:112 - [Utils] MethodGroupsHelper.sortMethods() took 33 ms.
2025-05-06 21:45:34 INFO  Utils:112 - [Utils] MethodGroupsHelper.collectMethodsByGroup() took 0 ms.
2025-05-06 21:45:34 INFO  Utils:112 - [Utils] MethodGroupsHelper.sortMethods() took 0 ms.
2025-05-06 21:45:34 INFO  Utils:112 - [Utils] MethodGroupsHelper.collectMethodsByGroup() took 0 ms.
2025-05-06 21:45:34 INFO  Utils:112 - [Utils] MethodGroupsHelper.sortMethods() took 0 ms.
2025-05-06 21:45:34 INFO  Utils:112 - [Utils] MethodGroupsHelper.collectMethodsByGroup() took 0 ms.
2025-05-06 21:45:34 INFO  Utils:112 - [Utils] MethodGroupsHelper.sortMethods() took 0 ms.
2025-05-06 21:45:34 INFO  Utils:112 - [Utils] MethodGroupsHelper.collectMethodsByGroup() took 0 ms.
2025-05-06 21:45:34 INFO  Utils:112 - [Utils] MethodGroupsHelper.sortMethods() took 0 ms.
2025-05-06 21:45:34 INFO  Utils:112 - [Utils] MethodGroupsHelper.collectMethodsByGroup() took 0 ms.
2025-05-06 21:45:34 INFO  Utils:112 - [Utils] MethodGroupsHelper.sortMethods() took 0 ms.
2025-05-06 21:45:34 INFO  Utils:112 - [Utils] MethodGroupsHelper.collectMethodsByGroup() took 0 ms.
2025-05-06 21:45:34 INFO  Utils:112 - [Utils] MethodGroupsHelper.sortMethods() took 0 ms.
2025-05-06 21:45:34 INFO  Utils:112 - [Utils] MethodGroupsHelper.collectMethodsByGroup() took 0 ms.
2025-05-06 21:45:34 INFO  Utils:112 - [Utils] MethodGroupsHelper.sortMethods() took 0 ms.
2025-05-06 21:45:34 INFO  Utils:112 - [Utils] MethodGroupsHelper.collectMethodsByGroup() took 1 ms.
2025-05-06 21:45:34 INFO  Utils:112 - [Utils] MethodGroupsHelper.sortMethods() took 9 ms.
2025-05-06 21:45:34 INFO  Utils:112 - [Utils] MethodGroupsHelper.collectMethodsByGroup() took 0 ms.
2025-05-06 21:45:34 INFO  Utils:112 - [Utils] MethodGroupsHelper.sortMethods() took 0 ms.
2025-05-06 21:45:34 INFO  Utils:112 - [Utils] MethodGroupsHelper.collectMethodsByGroup() took 0 ms.
2025-05-06 21:45:34 INFO  Utils:112 - [Utils] MethodGroupsHelper.sortMethods() took 0 ms.
2025-05-06 21:45:34 INFO  Utils:112 - [TestNG] Running:
  C:\Users\Jim\AppData\Local\Temp\testng-eclipse-240406585\testng-customsuite.xml

2025-05-06 21:45:34 INFO  Utils:112 - [Utils] DynamicGraphHelper.createDynamicGraph() took 21 ms.
2025-05-06 21:45:57 INFO  Utils:112 - [TestNG] Time taken by org.testng.reporters.SuiteHTMLReporter@59712875: 246 ms
2025-05-06 21:45:57 INFO  Utils:112 - [TestNG] Time taken by org.testng.reporters.jq.Main@4c9e38: 378 ms
2025-05-06 21:45:57 INFO  Utils:112 - [TestNG] Time taken by org.testng.reporters.FailedReporter@7923f5b3: 68 ms
2025-05-06 21:45:58 INFO  Utils:112 - [TestNG] Time taken by org.testng.reporters.XMLReporter@3e83c18: 92 ms
2025-05-06 21:45:58 INFO  Utils:112 - [TestNG] Time taken by org.testng.reporters.EmailableReporter2@6fca2a8f: 76 ms
2025-05-06 21:45:58 INFO  Utils:112 - [TestNG] Time taken by org.testng.reporters.JUnitReportReporter@41f35f7c: 76 ms
2025-05-06 21:45:58 INFO  Utils:112 - [TestNG] Time taken by org.testng.internal.ExitCodeListener@42c2f48c: 0 ms
2025-05-06 21:49:50 INFO  Utils:112 - [Utils] MethodGroupsHelper.collectMethodsByGroup() took 4 ms.
2025-05-06 21:49:50 INFO  Utils:112 - [Utils] MethodGroupsHelper.sortMethods() took 3 ms.
2025-05-06 21:49:50 INFO  Utils:112 - [Utils] MethodGroupsHelper.collectMethodsByGroup() took 0 ms.
2025-05-06 21:49:50 INFO  Utils:112 - [Utils] MethodGroupsHelper.sortMethods() took 0 ms.
2025-05-06 21:49:50 INFO  Utils:112 - [Utils] MethodGroupsHelper.collectMethodsByGroup() took 0 ms.
2025-05-06 21:49:50 INFO  Utils:112 - [Utils] MethodGroupsHelper.sortMethods() took 0 ms.
2025-05-06 21:49:50 INFO  Utils:112 - [Utils] MethodGroupsHelper.collectMethodsByGroup() took 0 ms.
2025-05-06 21:49:50 INFO  Utils:112 - [Utils] MethodGroupsHelper.sortMethods() took 0 ms.
2025-05-06 21:49:50 INFO  Utils:112 - [Utils] MethodGroupsHelper.collectMethodsByGroup() took 18 ms.
2025-05-06 21:49:50 INFO  Utils:112 - [Utils] MethodGroupsHelper.sortMethods() took 30 ms.
2025-05-06 21:49:50 INFO  Utils:112 - [Utils] MethodGroupsHelper.collectMethodsByGroup() took 0 ms.
2025-05-06 21:49:50 INFO  Utils:112 - [Utils] MethodGroupsHelper.sortMethods() took 0 ms.
2025-05-06 21:49:50 INFO  Utils:112 - [Utils] MethodGroupsHelper.collectMethodsByGroup() took 0 ms.
2025-05-06 21:49:50 INFO  Utils:112 - [Utils] MethodGroupsHelper.sortMethods() took 0 ms.
2025-05-06 21:49:50 INFO  Utils:112 - [Utils] MethodGroupsHelper.collectMethodsByGroup() took 0 ms.
2025-05-06 21:49:50 INFO  Utils:112 - [Utils] MethodGroupsHelper.sortMethods() took 0 ms.
2025-05-06 21:49:50 INFO  Utils:112 - [Utils] MethodGroupsHelper.collectMethodsByGroup() took 0 ms.
2025-05-06 21:49:50 INFO  Utils:112 - [Utils] MethodGroupsHelper.sortMethods() took 0 ms.
2025-05-06 21:49:50 INFO  Utils:112 - [Utils] MethodGroupsHelper.collectMethodsByGroup() took 0 ms.
2025-05-06 21:49:50 INFO  Utils:112 - [Utils] MethodGroupsHelper.sortMethods() took 0 ms.
2025-05-06 21:49:50 INFO  Utils:112 - [Utils] MethodGroupsHelper.collectMethodsByGroup() took 0 ms.
2025-05-06 21:49:50 INFO  Utils:112 - [Utils] MethodGroupsHelper.sortMethods() took 0 ms.
2025-05-06 21:49:50 INFO  Utils:112 - [Utils] MethodGroupsHelper.collectMethodsByGroup() took 0 ms.
2025-05-06 21:49:50 INFO  Utils:112 - [Utils] MethodGroupsHelper.sortMethods() took 0 ms.
2025-05-06 21:49:50 INFO  Utils:112 - [Utils] MethodGroupsHelper.collectMethodsByGroup() took 0 ms.
2025-05-06 21:49:50 INFO  Utils:112 - [Utils] MethodGroupsHelper.sortMethods() took 2 ms.
2025-05-06 21:49:50 INFO  Utils:112 - [Utils] MethodGroupsHelper.collectMethodsByGroup() took 0 ms.
2025-05-06 21:49:50 INFO  Utils:112 - [Utils] MethodGroupsHelper.sortMethods() took 0 ms.
2025-05-06 21:49:50 INFO  Utils:112 - [Utils] MethodGroupsHelper.collectMethodsByGroup() took 0 ms.
2025-05-06 21:49:50 INFO  Utils:112 - [Utils] MethodGroupsHelper.sortMethods() took 0 ms.
2025-05-06 21:49:50 INFO  Utils:112 - [TestNG] Running:
  C:\Users\Jim\AppData\Local\Temp\testng-eclipse-560500701\testng-customsuite.xml

2025-05-06 21:49:50 INFO  Utils:112 - [Utils] DynamicGraphHelper.createDynamicGraph() took 24 ms.
2025-05-06 21:50:17 INFO  Utils:112 - [TestNG] Time taken by org.testng.reporters.SuiteHTMLReporter@59712875: 204 ms
2025-05-06 21:50:18 INFO  Utils:112 - [TestNG] Time taken by org.testng.reporters.jq.Main@4c9e38: 338 ms
2025-05-06 21:50:18 INFO  Utils:112 - [TestNG] Time taken by org.testng.reporters.FailedReporter@7923f5b3: 58 ms
2025-05-06 21:50:18 INFO  Utils:112 - [TestNG] Time taken by org.testng.reporters.XMLReporter@3e83c18: 89 ms
2025-05-06 21:50:18 INFO  Utils:112 - [TestNG] Time taken by org.testng.reporters.EmailableReporter2@6fca2a8f: 41 ms
2025-05-06 21:50:18 INFO  Utils:112 - [TestNG] Time taken by org.testng.reporters.JUnitReportReporter@41f35f7c: 67 ms
2025-05-06 21:50:18 INFO  Utils:112 - [TestNG] Time taken by org.testng.internal.ExitCodeListener@42c2f48c: 3 ms
2025-05-06 21:55:02 INFO  Utils:112 - [Utils] MethodGroupsHelper.collectMethodsByGroup() took 4 ms.
2025-05-06 21:55:02 INFO  Utils:112 - [Utils] MethodGroupsHelper.sortMethods() took 2 ms.
2025-05-06 21:55:02 INFO  Utils:112 - [Utils] MethodGroupsHelper.collectMethodsByGroup() took 0 ms.
2025-05-06 21:55:02 INFO  Utils:112 - [Utils] MethodGroupsHelper.sortMethods() took 0 ms.
2025-05-06 21:55:02 INFO  Utils:112 - [Utils] MethodGroupsHelper.collectMethodsByGroup() took 0 ms.
2025-05-06 21:55:02 INFO  Utils:112 - [Utils] MethodGroupsHelper.sortMethods() took 1 ms.
2025-05-06 21:55:02 INFO  Utils:112 - [Utils] MethodGroupsHelper.collectMethodsByGroup() took 0 ms.
2025-05-06 21:55:02 INFO  Utils:112 - [Utils] MethodGroupsHelper.sortMethods() took 1 ms.
2025-05-06 21:55:02 INFO  Utils:112 - [Utils] MethodGroupsHelper.collectMethodsByGroup() took 7 ms.
2025-05-06 21:55:02 INFO  Utils:112 - [Utils] MethodGroupsHelper.sortMethods() took 37 ms.
2025-05-06 21:55:02 INFO  Utils:112 - [Utils] MethodGroupsHelper.collectMethodsByGroup() took 0 ms.
2025-05-06 21:55:02 INFO  Utils:112 - [Utils] MethodGroupsHelper.sortMethods() took 0 ms.
2025-05-06 21:55:02 INFO  Utils:112 - [Utils] MethodGroupsHelper.collectMethodsByGroup() took 0 ms.
2025-05-06 21:55:02 INFO  Utils:112 - [Utils] MethodGroupsHelper.sortMethods() took 0 ms.
2025-05-06 21:55:02 INFO  Utils:112 - [Utils] MethodGroupsHelper.collectMethodsByGroup() took 0 ms.
2025-05-06 21:55:02 INFO  Utils:112 - [Utils] MethodGroupsHelper.sortMethods() took 0 ms.
2025-05-06 21:55:02 INFO  Utils:112 - [Utils] MethodGroupsHelper.collectMethodsByGroup() took 0 ms.
2025-05-06 21:55:02 INFO  Utils:112 - [Utils] MethodGroupsHelper.sortMethods() took 0 ms.
2025-05-06 21:55:02 INFO  Utils:112 - [Utils] MethodGroupsHelper.collectMethodsByGroup() took 0 ms.
2025-05-06 21:55:02 INFO  Utils:112 - [Utils] MethodGroupsHelper.sortMethods() took 0 ms.
2025-05-06 21:55:02 INFO  Utils:112 - [Utils] MethodGroupsHelper.collectMethodsByGroup() took 0 ms.
2025-05-06 21:55:02 INFO  Utils:112 - [Utils] MethodGroupsHelper.sortMethods() took 0 ms.
2025-05-06 21:55:02 INFO  Utils:112 - [Utils] MethodGroupsHelper.collectMethodsByGroup() took 0 ms.
2025-05-06 21:55:02 INFO  Utils:112 - [Utils] MethodGroupsHelper.sortMethods() took 0 ms.
2025-05-06 21:55:02 INFO  Utils:112 - [Utils] MethodGroupsHelper.collectMethodsByGroup() took 2 ms.
2025-05-06 21:55:02 INFO  Utils:112 - [Utils] MethodGroupsHelper.sortMethods() took 6 ms.
2025-05-06 21:55:02 INFO  Utils:112 - [Utils] MethodGroupsHelper.collectMethodsByGroup() took 0 ms.
2025-05-06 21:55:02 INFO  Utils:112 - [Utils] MethodGroupsHelper.sortMethods() took 0 ms.
2025-05-06 21:55:02 INFO  Utils:112 - [Utils] MethodGroupsHelper.collectMethodsByGroup() took 0 ms.
2025-05-06 21:55:02 INFO  Utils:112 - [Utils] MethodGroupsHelper.sortMethods() took 0 ms.
2025-05-06 21:55:02 INFO  Utils:112 - [TestNG] Running:
  C:\Users\Jim\AppData\Local\Temp\testng-eclipse-702318159\testng-customsuite.xml

2025-05-06 21:55:02 INFO  Utils:112 - [Utils] DynamicGraphHelper.createDynamicGraph() took 20 ms.
2025-05-06 21:55:21 INFO  Utils:112 - [TestNG] Time taken by org.testng.reporters.SuiteHTMLReporter@59712875: 108 ms
2025-05-06 21:55:21 INFO  Utils:112 - [TestNG] Time taken by org.testng.reporters.jq.Main@4c9e38: 344 ms
2025-05-06 21:55:21 INFO  Utils:112 - [TestNG] Time taken by org.testng.reporters.FailedReporter@7923f5b3: 63 ms
2025-05-06 21:55:21 INFO  Utils:112 - [TestNG] Time taken by org.testng.reporters.XMLReporter@3e83c18: 33 ms
2025-05-06 21:55:21 INFO  Utils:112 - [TestNG] Time taken by org.testng.reporters.EmailableReporter2@6fca2a8f: 28 ms
2025-05-06 21:55:21 INFO  Utils:112 - [TestNG] Time taken by org.testng.reporters.JUnitReportReporter@41f35f7c: 31 ms
2025-05-06 21:55:21 INFO  Utils:112 - [TestNG] Time taken by org.testng.internal.ExitCodeListener@42c2f48c: 0 ms
2025-05-06 22:13:32 INFO  Utils:112 - [Utils] MethodGroupsHelper.collectMethodsByGroup() took 2 ms.
2025-05-06 22:13:32 INFO  Utils:112 - [Utils] MethodGroupsHelper.sortMethods() took 2 ms.
2025-05-06 22:13:32 INFO  Utils:112 - [Utils] MethodGroupsHelper.collectMethodsByGroup() took 0 ms.
2025-05-06 22:13:32 INFO  Utils:112 - [Utils] MethodGroupsHelper.sortMethods() took 0 ms.
2025-05-06 22:13:32 INFO  Utils:112 - [Utils] MethodGroupsHelper.collectMethodsByGroup() took 0 ms.
2025-05-06 22:13:32 INFO  Utils:112 - [Utils] MethodGroupsHelper.sortMethods() took 0 ms.
2025-05-06 22:13:32 INFO  Utils:112 - [Utils] MethodGroupsHelper.collectMethodsByGroup() took 0 ms.
2025-05-06 22:13:32 INFO  Utils:112 - [Utils] MethodGroupsHelper.sortMethods() took 0 ms.
2025-05-06 22:13:32 INFO  Utils:112 - [Utils] MethodGroupsHelper.collectMethodsByGroup() took 27 ms.
2025-05-06 22:13:32 INFO  Utils:112 - [Utils] MethodGroupsHelper.sortMethods() took 31 ms.
2025-05-06 22:13:32 INFO  Utils:112 - [Utils] MethodGroupsHelper.collectMethodsByGroup() took 0 ms.
2025-05-06 22:13:32 INFO  Utils:112 - [Utils] MethodGroupsHelper.sortMethods() took 0 ms.
2025-05-06 22:13:32 INFO  Utils:112 - [Utils] MethodGroupsHelper.collectMethodsByGroup() took 0 ms.
2025-05-06 22:13:32 INFO  Utils:112 - [Utils] MethodGroupsHelper.sortMethods() took 0 ms.
2025-05-06 22:13:32 INFO  Utils:112 - [Utils] MethodGroupsHelper.collectMethodsByGroup() took 0 ms.
2025-05-06 22:13:32 INFO  Utils:112 - [Utils] MethodGroupsHelper.sortMethods() took 0 ms.
2025-05-06 22:13:32 INFO  Utils:112 - [Utils] MethodGroupsHelper.collectMethodsByGroup() took 0 ms.
2025-05-06 22:13:32 INFO  Utils:112 - [Utils] MethodGroupsHelper.sortMethods() took 0 ms.
2025-05-06 22:13:32 INFO  Utils:112 - [Utils] MethodGroupsHelper.collectMethodsByGroup() took 0 ms.
2025-05-06 22:13:32 INFO  Utils:112 - [Utils] MethodGroupsHelper.sortMethods() took 0 ms.
2025-05-06 22:13:32 INFO  Utils:112 - [Utils] MethodGroupsHelper.collectMethodsByGroup() took 0 ms.
2025-05-06 22:13:32 INFO  Utils:112 - [Utils] MethodGroupsHelper.sortMethods() took 0 ms.
2025-05-06 22:13:32 INFO  Utils:112 - [Utils] MethodGroupsHelper.collectMethodsByGroup() took 0 ms.
2025-05-06 22:13:32 INFO  Utils:112 - [Utils] MethodGroupsHelper.sortMethods() took 0 ms.
2025-05-06 22:13:32 INFO  Utils:112 - [Utils] MethodGroupsHelper.collectMethodsByGroup() took 8 ms.
2025-05-06 22:13:32 INFO  Utils:112 - [Utils] MethodGroupsHelper.sortMethods() took 5 ms.
2025-05-06 22:13:32 INFO  Utils:112 - [Utils] MethodGroupsHelper.collectMethodsByGroup() took 0 ms.
2025-05-06 22:13:32 INFO  Utils:112 - [Utils] MethodGroupsHelper.sortMethods() took 0 ms.
2025-05-06 22:13:32 INFO  Utils:112 - [Utils] MethodGroupsHelper.collectMethodsByGroup() took 0 ms.
2025-05-06 22:13:32 INFO  Utils:112 - [Utils] MethodGroupsHelper.sortMethods() took 2 ms.
2025-05-06 22:13:32 INFO  Utils:112 - [TestNG] Running:
  C:\Users\Jim\AppData\Local\Temp\testng-eclipse--536951470\testng-customsuite.xml

2025-05-06 22:13:32 INFO  Utils:112 - [Utils] DynamicGraphHelper.createDynamicGraph() took 11 ms.
2025-05-06 22:13:56 INFO  Utils:112 - [TestNG] Time taken by org.testng.reporters.SuiteHTMLReporter@2aeefcc: 260 ms
2025-05-06 22:13:57 INFO  Utils:112 - [TestNG] Time taken by org.testng.reporters.jq.Main@2264e43c: 516 ms
2025-05-06 22:13:57 INFO  Utils:112 - [TestNG] Time taken by org.testng.reporters.FailedReporter@506dcf55: 107 ms
2025-05-06 22:13:57 INFO  Utils:112 - [TestNG] Time taken by org.testng.reporters.XMLReporter@1706a5c9: 48 ms
2025-05-06 22:13:57 INFO  Utils:112 - [TestNG] Time taken by org.testng.reporters.EmailableReporter2@4beeb0e: 33 ms
2025-05-06 22:13:57 INFO  Utils:112 - [TestNG] Time taken by org.testng.reporters.JUnitReportReporter@33364212: 40 ms
2025-05-06 22:13:57 INFO  Utils:112 - [TestNG] Time taken by org.testng.internal.ExitCodeListener@2216effc: 0 ms
2025-05-06 22:19:31 INFO  Utils:112 - [Utils] MethodGroupsHelper.collectMethodsByGroup() took 0 ms.
2025-05-06 22:19:31 INFO  Utils:112 - [Utils] MethodGroupsHelper.sortMethods() took 2 ms.
2025-05-06 22:19:31 INFO  Utils:112 - [Utils] MethodGroupsHelper.collectMethodsByGroup() took 0 ms.
2025-05-06 22:19:31 INFO  Utils:112 - [Utils] MethodGroupsHelper.sortMethods() took 0 ms.
2025-05-06 22:19:31 INFO  Utils:112 - [Utils] MethodGroupsHelper.collectMethodsByGroup() took 0 ms.
2025-05-06 22:19:31 INFO  Utils:112 - [Utils] MethodGroupsHelper.sortMethods() took 0 ms.
2025-05-06 22:19:31 INFO  Utils:112 - [Utils] MethodGroupsHelper.collectMethodsByGroup() took 0 ms.
2025-05-06 22:19:31 INFO  Utils:112 - [Utils] MethodGroupsHelper.sortMethods() took 0 ms.
2025-05-06 22:19:31 INFO  Utils:112 - [Utils] MethodGroupsHelper.collectMethodsByGroup() took 13 ms.
2025-05-06 22:19:32 INFO  Utils:112 - [Utils] MethodGroupsHelper.sortMethods() took 30 ms.
2025-05-06 22:19:32 INFO  Utils:112 - [Utils] MethodGroupsHelper.collectMethodsByGroup() took 0 ms.
2025-05-06 22:19:32 INFO  Utils:112 - [Utils] MethodGroupsHelper.sortMethods() took 0 ms.
2025-05-06 22:19:32 INFO  Utils:112 - [Utils] MethodGroupsHelper.collectMethodsByGroup() took 0 ms.
2025-05-06 22:19:32 INFO  Utils:112 - [Utils] MethodGroupsHelper.sortMethods() took 0 ms.
2025-05-06 22:19:32 INFO  Utils:112 - [Utils] MethodGroupsHelper.collectMethodsByGroup() took 0 ms.
2025-05-06 22:19:32 INFO  Utils:112 - [Utils] MethodGroupsHelper.sortMethods() took 0 ms.
2025-05-06 22:19:32 INFO  Utils:112 - [Utils] MethodGroupsHelper.collectMethodsByGroup() took 0 ms.
2025-05-06 22:19:32 INFO  Utils:112 - [Utils] MethodGroupsHelper.sortMethods() took 0 ms.
2025-05-06 22:19:32 INFO  Utils:112 - [Utils] MethodGroupsHelper.collectMethodsByGroup() took 0 ms.
2025-05-06 22:19:32 INFO  Utils:112 - [Utils] MethodGroupsHelper.sortMethods() took 0 ms.
2025-05-06 22:19:32 INFO  Utils:112 - [Utils] MethodGroupsHelper.collectMethodsByGroup() took 0 ms.
2025-05-06 22:19:32 INFO  Utils:112 - [Utils] MethodGroupsHelper.sortMethods() took 0 ms.
2025-05-06 22:19:32 INFO  Utils:112 - [Utils] MethodGroupsHelper.collectMethodsByGroup() took 0 ms.
2025-05-06 22:19:32 INFO  Utils:112 - [Utils] MethodGroupsHelper.sortMethods() took 0 ms.
2025-05-06 22:19:32 INFO  Utils:112 - [Utils] MethodGroupsHelper.collectMethodsByGroup() took 1 ms.
2025-05-06 22:19:32 INFO  Utils:112 - [Utils] MethodGroupsHelper.sortMethods() took 6 ms.
2025-05-06 22:19:32 INFO  Utils:112 - [Utils] MethodGroupsHelper.collectMethodsByGroup() took 0 ms.
2025-05-06 22:19:32 INFO  Utils:112 - [Utils] MethodGroupsHelper.sortMethods() took 0 ms.
2025-05-06 22:19:32 INFO  Utils:112 - [Utils] MethodGroupsHelper.collectMethodsByGroup() took 0 ms.
2025-05-06 22:19:32 INFO  Utils:112 - [Utils] MethodGroupsHelper.sortMethods() took 0 ms.
2025-05-06 22:19:32 INFO  Utils:112 - [TestNG] Running:
  C:\Users\Jim\AppData\Local\Temp\testng-eclipse--1101317931\testng-customsuite.xml

2025-05-06 22:19:32 INFO  Utils:112 - [Utils] DynamicGraphHelper.createDynamicGraph() took 18 ms.
2025-05-06 22:20:07 INFO  Utils:112 - [TestNG] Time taken by org.testng.reporters.SuiteHTMLReporter@6ab4ba9f: 294 ms
2025-05-06 22:20:07 INFO  Utils:112 - [TestNG] Time taken by org.testng.reporters.jq.Main@2ff15f8c: 335 ms
2025-05-06 22:20:07 INFO  Utils:112 - [TestNG] Time taken by org.testng.reporters.FailedReporter@554cd74a: 55 ms
2025-05-06 22:20:07 INFO  Utils:112 - [TestNG] Time taken by org.testng.reporters.XMLReporter@4726927c: 39 ms
2025-05-06 22:20:07 INFO  Utils:112 - [TestNG] Time taken by org.testng.reporters.EmailableReporter2@747d1932: 56 ms
2025-05-06 22:20:07 INFO  Utils:112 - [TestNG] Time taken by org.testng.reporters.JUnitReportReporter@6240651f: 53 ms
2025-05-06 22:20:07 INFO  Utils:112 - [TestNG] Time taken by org.testng.internal.ExitCodeListener@3cf7298d: 0 ms
2025-05-06 22:46:29 INFO  Utils:112 - [Utils] MethodGroupsHelper.collectMethodsByGroup() took 1 ms.
2025-05-06 22:46:29 INFO  Utils:112 - [Utils] MethodGroupsHelper.sortMethods() took 2 ms.
2025-05-06 22:46:29 INFO  Utils:112 - [Utils] MethodGroupsHelper.collectMethodsByGroup() took 0 ms.
2025-05-06 22:46:29 INFO  Utils:112 - [Utils] MethodGroupsHelper.sortMethods() took 0 ms.
2025-05-06 22:46:29 INFO  Utils:112 - [Utils] MethodGroupsHelper.collectMethodsByGroup() took 0 ms.
2025-05-06 22:46:29 INFO  Utils:112 - [Utils] MethodGroupsHelper.sortMethods() took 0 ms.
2025-05-06 22:46:29 INFO  Utils:112 - [Utils] MethodGroupsHelper.collectMethodsByGroup() took 0 ms.
2025-05-06 22:46:29 INFO  Utils:112 - [Utils] MethodGroupsHelper.sortMethods() took 0 ms.
2025-05-06 22:46:29 INFO  Utils:112 - [Utils] MethodGroupsHelper.collectMethodsByGroup() took 7 ms.
2025-05-06 22:46:29 INFO  Utils:112 - [Utils] MethodGroupsHelper.sortMethods() took 11 ms.
2025-05-06 22:46:29 INFO  Utils:112 - [Utils] MethodGroupsHelper.collectMethodsByGroup() took 0 ms.
2025-05-06 22:46:29 INFO  Utils:112 - [Utils] MethodGroupsHelper.sortMethods() took 0 ms.
2025-05-06 22:46:29 INFO  Utils:112 - [Utils] MethodGroupsHelper.collectMethodsByGroup() took 0 ms.
2025-05-06 22:46:29 INFO  Utils:112 - [Utils] MethodGroupsHelper.sortMethods() took 0 ms.
2025-05-06 22:46:29 INFO  Utils:112 - [Utils] MethodGroupsHelper.collectMethodsByGroup() took 0 ms.
2025-05-06 22:46:29 INFO  Utils:112 - [Utils] MethodGroupsHelper.sortMethods() took 0 ms.
2025-05-06 22:46:29 INFO  Utils:112 - [Utils] MethodGroupsHelper.collectMethodsByGroup() took 0 ms.
2025-05-06 22:46:29 INFO  Utils:112 - [Utils] MethodGroupsHelper.sortMethods() took 0 ms.
2025-05-06 22:46:29 INFO  Utils:112 - [Utils] MethodGroupsHelper.collectMethodsByGroup() took 0 ms.
2025-05-06 22:46:29 INFO  Utils:112 - [Utils] MethodGroupsHelper.sortMethods() took 0 ms.
2025-05-06 22:46:29 INFO  Utils:112 - [Utils] MethodGroupsHelper.collectMethodsByGroup() took 0 ms.
2025-05-06 22:46:29 INFO  Utils:112 - [Utils] MethodGroupsHelper.sortMethods() took 0 ms.
2025-05-06 22:46:29 INFO  Utils:112 - [Utils] MethodGroupsHelper.collectMethodsByGroup() took 0 ms.
2025-05-06 22:46:29 INFO  Utils:112 - [Utils] MethodGroupsHelper.sortMethods() took 0 ms.
2025-05-06 22:46:29 INFO  Utils:112 - [Utils] MethodGroupsHelper.collectMethodsByGroup() took 1 ms.
2025-05-06 22:46:29 INFO  Utils:112 - [Utils] MethodGroupsHelper.sortMethods() took 2 ms.
2025-05-06 22:46:29 INFO  Utils:112 - [Utils] MethodGroupsHelper.collectMethodsByGroup() took 0 ms.
2025-05-06 22:46:29 INFO  Utils:112 - [Utils] MethodGroupsHelper.sortMethods() took 0 ms.
2025-05-06 22:46:29 INFO  Utils:112 - [Utils] MethodGroupsHelper.collectMethodsByGroup() took 0 ms.
2025-05-06 22:46:29 INFO  Utils:112 - [Utils] MethodGroupsHelper.sortMethods() took 0 ms.
2025-05-06 22:46:29 INFO  Utils:112 - [TestNG] Running:
  C:\Users\Jim\AppData\Local\Temp\testng-eclipse--1693119747\testng-customsuite.xml

2025-05-06 22:46:29 INFO  Utils:112 - [Utils] DynamicGraphHelper.createDynamicGraph() took 8 ms.
2025-05-06 22:46:52 INFO  Utils:112 - [TestNG] Time taken by org.testng.reporters.SuiteHTMLReporter@7c129ef6: 78 ms
2025-05-06 22:46:52 INFO  Utils:112 - [TestNG] Time taken by org.testng.reporters.jq.Main@c6b2dd9: 161 ms
2025-05-06 22:46:52 INFO  Utils:112 - [TestNG] Time taken by org.testng.reporters.FailedReporter@7a2b1eb4: 16 ms
2025-05-06 22:46:52 INFO  Utils:112 - [TestNG] Time taken by org.testng.reporters.XMLReporter@763cf5b9: 16 ms
2025-05-06 22:46:52 INFO  Utils:112 - [TestNG] Time taken by org.testng.reporters.EmailableReporter2@62d73ead: 7 ms
2025-05-06 22:46:52 INFO  Utils:112 - [TestNG] Time taken by org.testng.reporters.JUnitReportReporter@2de50ee4: 16 ms
2025-05-06 22:46:52 INFO  Utils:112 - [TestNG] Time taken by org.testng.internal.ExitCodeListener@ad9e63e: 0 ms
2025-05-06 22:51:05 INFO  Utils:112 - [Utils] MethodGroupsHelper.collectMethodsByGroup() took 0 ms.
2025-05-06 22:51:05 INFO  Utils:112 - [Utils] MethodGroupsHelper.sortMethods() took 2 ms.
2025-05-06 22:51:05 INFO  Utils:112 - [Utils] MethodGroupsHelper.collectMethodsByGroup() took 0 ms.
2025-05-06 22:51:05 INFO  Utils:112 - [Utils] MethodGroupsHelper.sortMethods() took 0 ms.
2025-05-06 22:51:05 INFO  Utils:112 - [Utils] MethodGroupsHelper.collectMethodsByGroup() took 0 ms.
2025-05-06 22:51:05 INFO  Utils:112 - [Utils] MethodGroupsHelper.sortMethods() took 0 ms.
2025-05-06 22:51:05 INFO  Utils:112 - [Utils] MethodGroupsHelper.collectMethodsByGroup() took 0 ms.
2025-05-06 22:51:05 INFO  Utils:112 - [Utils] MethodGroupsHelper.sortMethods() took 0 ms.
2025-05-06 22:51:05 INFO  Utils:112 - [Utils] MethodGroupsHelper.collectMethodsByGroup() took 7 ms.
2025-05-06 22:51:05 INFO  Utils:112 - [Utils] MethodGroupsHelper.sortMethods() took 11 ms.
2025-05-06 22:51:05 INFO  Utils:112 - [Utils] MethodGroupsHelper.collectMethodsByGroup() took 0 ms.
2025-05-06 22:51:05 INFO  Utils:112 - [Utils] MethodGroupsHelper.sortMethods() took 0 ms.
2025-05-06 22:51:05 INFO  Utils:112 - [Utils] MethodGroupsHelper.collectMethodsByGroup() took 0 ms.
2025-05-06 22:51:05 INFO  Utils:112 - [Utils] MethodGroupsHelper.sortMethods() took 0 ms.
2025-05-06 22:51:05 INFO  Utils:112 - [Utils] MethodGroupsHelper.collectMethodsByGroup() took 0 ms.
2025-05-06 22:51:05 INFO  Utils:112 - [Utils] MethodGroupsHelper.sortMethods() took 0 ms.
2025-05-06 22:51:05 INFO  Utils:112 - [Utils] MethodGroupsHelper.collectMethodsByGroup() took 0 ms.
2025-05-06 22:51:05 INFO  Utils:112 - [Utils] MethodGroupsHelper.sortMethods() took 1 ms.
2025-05-06 22:51:05 INFO  Utils:112 - [Utils] MethodGroupsHelper.collectMethodsByGroup() took 0 ms.
2025-05-06 22:51:05 INFO  Utils:112 - [Utils] MethodGroupsHelper.sortMethods() took 0 ms.
2025-05-06 22:51:05 INFO  Utils:112 - [Utils] MethodGroupsHelper.collectMethodsByGroup() took 0 ms.
2025-05-06 22:51:05 INFO  Utils:112 - [Utils] MethodGroupsHelper.sortMethods() took 0 ms.
2025-05-06 22:51:05 INFO  Utils:112 - [Utils] MethodGroupsHelper.collectMethodsByGroup() took 0 ms.
2025-05-06 22:51:05 INFO  Utils:112 - [Utils] MethodGroupsHelper.sortMethods() took 0 ms.
2025-05-06 22:51:05 INFO  Utils:112 - [Utils] MethodGroupsHelper.collectMethodsByGroup() took 0 ms.
2025-05-06 22:51:05 INFO  Utils:112 - [Utils] MethodGroupsHelper.sortMethods() took 2 ms.
2025-05-06 22:51:05 INFO  Utils:112 - [Utils] MethodGroupsHelper.collectMethodsByGroup() took 0 ms.
2025-05-06 22:51:05 INFO  Utils:112 - [Utils] MethodGroupsHelper.sortMethods() took 0 ms.
2025-05-06 22:51:05 INFO  Utils:112 - [Utils] MethodGroupsHelper.collectMethodsByGroup() took 0 ms.
2025-05-06 22:51:05 INFO  Utils:112 - [Utils] MethodGroupsHelper.sortMethods() took 0 ms.
2025-05-06 22:51:05 INFO  Utils:112 - [TestNG] Running:
  C:\Users\Jim\AppData\Local\Temp\testng-eclipse-1698840236\testng-customsuite.xml

2025-05-06 22:51:05 INFO  Utils:112 - [Utils] DynamicGraphHelper.createDynamicGraph() took 8 ms.
2025-05-06 22:51:37 INFO  Utils:112 - [TestNG] Time taken by org.testng.reporters.SuiteHTMLReporter@77d680e6: 47 ms
2025-05-06 22:51:37 INFO  Utils:112 - [TestNG] Time taken by org.testng.reporters.jq.Main@5477a1ca: 63 ms
2025-05-06 22:51:37 INFO  Utils:112 - [TestNG] Time taken by org.testng.reporters.FailedReporter@602ae7b6: 15 ms
2025-05-06 22:51:37 INFO  Utils:112 - [TestNG] Time taken by org.testng.reporters.XMLReporter@7139bd31: 17 ms
2025-05-06 22:51:37 INFO  Utils:112 - [TestNG] Time taken by org.testng.reporters.EmailableReporter2@332820f4: 15 ms
2025-05-06 22:51:37 INFO  Utils:112 - [TestNG] Time taken by org.testng.reporters.JUnitReportReporter@bfc14b9: 0 ms
2025-05-06 22:51:37 INFO  Utils:112 - [TestNG] Time taken by org.testng.internal.ExitCodeListener@fb6097b: 0 ms
2025-05-06 22:55:52 INFO  Utils:112 - [Utils] MethodGroupsHelper.collectMethodsByGroup() took 0 ms.
2025-05-06 22:55:52 INFO  Utils:112 - [Utils] MethodGroupsHelper.sortMethods() took 0 ms.
2025-05-06 22:55:52 INFO  Utils:112 - [Utils] MethodGroupsHelper.collectMethodsByGroup() took 0 ms.
2025-05-06 22:55:52 INFO  Utils:112 - [Utils] MethodGroupsHelper.sortMethods() took 0 ms.
2025-05-06 22:55:52 INFO  Utils:112 - [Utils] MethodGroupsHelper.collectMethodsByGroup() took 0 ms.
2025-05-06 22:55:52 INFO  Utils:112 - [Utils] MethodGroupsHelper.sortMethods() took 0 ms.
2025-05-06 22:55:52 INFO  Utils:112 - [Utils] MethodGroupsHelper.collectMethodsByGroup() took 0 ms.
2025-05-06 22:55:52 INFO  Utils:112 - [Utils] MethodGroupsHelper.sortMethods() took 0 ms.
2025-05-06 22:55:52 INFO  Utils:112 - [Utils] MethodGroupsHelper.collectMethodsByGroup() took 4 ms.
2025-05-06 22:55:52 INFO  Utils:112 - [Utils] MethodGroupsHelper.sortMethods() took 9 ms.
2025-05-06 22:55:52 INFO  Utils:112 - [Utils] MethodGroupsHelper.collectMethodsByGroup() took 0 ms.
2025-05-06 22:55:52 INFO  Utils:112 - [Utils] MethodGroupsHelper.sortMethods() took 0 ms.
2025-05-06 22:55:52 INFO  Utils:112 - [Utils] MethodGroupsHelper.collectMethodsByGroup() took 0 ms.
2025-05-06 22:55:52 INFO  Utils:112 - [Utils] MethodGroupsHelper.sortMethods() took 0 ms.
2025-05-06 22:55:52 INFO  Utils:112 - [Utils] MethodGroupsHelper.collectMethodsByGroup() took 0 ms.
2025-05-06 22:55:52 INFO  Utils:112 - [Utils] MethodGroupsHelper.sortMethods() took 0 ms.
2025-05-06 22:55:52 INFO  Utils:112 - [Utils] MethodGroupsHelper.collectMethodsByGroup() took 0 ms.
2025-05-06 22:55:52 INFO  Utils:112 - [Utils] MethodGroupsHelper.sortMethods() took 0 ms.
2025-05-06 22:55:52 INFO  Utils:112 - [Utils] MethodGroupsHelper.collectMethodsByGroup() took 0 ms.
2025-05-06 22:55:52 INFO  Utils:112 - [Utils] MethodGroupsHelper.sortMethods() took 0 ms.
2025-05-06 22:55:52 INFO  Utils:112 - [Utils] MethodGroupsHelper.collectMethodsByGroup() took 0 ms.
2025-05-06 22:55:52 INFO  Utils:112 - [Utils] MethodGroupsHelper.sortMethods() took 0 ms.
2025-05-06 22:55:52 INFO  Utils:112 - [Utils] MethodGroupsHelper.collectMethodsByGroup() took 0 ms.
2025-05-06 22:55:52 INFO  Utils:112 - [Utils] MethodGroupsHelper.sortMethods() took 0 ms.
2025-05-06 22:55:52 INFO  Utils:112 - [Utils] MethodGroupsHelper.collectMethodsByGroup() took 1 ms.
2025-05-06 22:55:52 INFO  Utils:112 - [Utils] MethodGroupsHelper.sortMethods() took 1 ms.
2025-05-06 22:55:52 INFO  Utils:112 - [Utils] MethodGroupsHelper.collectMethodsByGroup() took 0 ms.
2025-05-06 22:55:52 INFO  Utils:112 - [Utils] MethodGroupsHelper.sortMethods() took 0 ms.
2025-05-06 22:55:52 INFO  Utils:112 - [Utils] MethodGroupsHelper.collectMethodsByGroup() took 0 ms.
2025-05-06 22:55:52 INFO  Utils:112 - [Utils] MethodGroupsHelper.sortMethods() took 0 ms.
2025-05-06 22:55:52 INFO  Utils:112 - [TestNG] Running:
  C:\Users\Jim\AppData\Local\Temp\testng-eclipse-553244070\testng-customsuite.xml

2025-05-06 22:55:52 INFO  Utils:112 - [Utils] DynamicGraphHelper.createDynamicGraph() took 4 ms.
2025-05-06 22:56:22 INFO  Utils:112 - [TestNG] Time taken by org.testng.reporters.SuiteHTMLReporter@10fbbdb: 47 ms
2025-05-06 22:56:22 INFO  Utils:112 - [TestNG] Time taken by org.testng.reporters.jq.Main@642505c7: 82 ms
2025-05-06 22:56:22 INFO  Utils:112 - [TestNG] Time taken by org.testng.reporters.FailedReporter@7be71476: 14 ms
2025-05-06 22:56:22 INFO  Utils:112 - [TestNG] Time taken by org.testng.reporters.XMLReporter@2e53b094: 15 ms
2025-05-06 22:56:22 INFO  Utils:112 - [TestNG] Time taken by org.testng.reporters.EmailableReporter2@5b051a5c: 16 ms
2025-05-06 22:56:22 INFO  Utils:112 - [TestNG] Time taken by org.testng.reporters.JUnitReportReporter@34f392be: 16 ms
2025-05-06 22:56:22 INFO  Utils:112 - [TestNG] Time taken by org.testng.internal.ExitCodeListener@4554de02: 0 ms
2025-05-06 22:59:11 INFO  Utils:112 - [Utils] MethodGroupsHelper.collectMethodsByGroup() took 1 ms.
2025-05-06 22:59:11 INFO  Utils:112 - [Utils] MethodGroupsHelper.sortMethods() took 1 ms.
2025-05-06 22:59:11 INFO  Utils:112 - [Utils] MethodGroupsHelper.collectMethodsByGroup() took 0 ms.
2025-05-06 22:59:11 INFO  Utils:112 - [Utils] MethodGroupsHelper.sortMethods() took 0 ms.
2025-05-06 22:59:11 INFO  Utils:112 - [Utils] MethodGroupsHelper.collectMethodsByGroup() took 0 ms.
2025-05-06 22:59:11 INFO  Utils:112 - [Utils] MethodGroupsHelper.sortMethods() took 0 ms.
2025-05-06 22:59:11 INFO  Utils:112 - [Utils] MethodGroupsHelper.collectMethodsByGroup() took 0 ms.
2025-05-06 22:59:11 INFO  Utils:112 - [Utils] MethodGroupsHelper.sortMethods() took 0 ms.
2025-05-06 22:59:11 INFO  Utils:112 - [Utils] MethodGroupsHelper.collectMethodsByGroup() took 3 ms.
2025-05-06 22:59:11 INFO  Utils:112 - [Utils] MethodGroupsHelper.sortMethods() took 11 ms.
2025-05-06 22:59:11 INFO  Utils:112 - [Utils] MethodGroupsHelper.collectMethodsByGroup() took 0 ms.
2025-05-06 22:59:11 INFO  Utils:112 - [Utils] MethodGroupsHelper.sortMethods() took 0 ms.
2025-05-06 22:59:11 INFO  Utils:112 - [Utils] MethodGroupsHelper.collectMethodsByGroup() took 0 ms.
2025-05-06 22:59:11 INFO  Utils:112 - [Utils] MethodGroupsHelper.sortMethods() took 0 ms.
2025-05-06 22:59:11 INFO  Utils:112 - [Utils] MethodGroupsHelper.collectMethodsByGroup() took 0 ms.
2025-05-06 22:59:11 INFO  Utils:112 - [Utils] MethodGroupsHelper.sortMethods() took 0 ms.
2025-05-06 22:59:11 INFO  Utils:112 - [Utils] MethodGroupsHelper.collectMethodsByGroup() took 0 ms.
2025-05-06 22:59:11 INFO  Utils:112 - [Utils] MethodGroupsHelper.sortMethods() took 0 ms.
2025-05-06 22:59:11 INFO  Utils:112 - [Utils] MethodGroupsHelper.collectMethodsByGroup() took 0 ms.
2025-05-06 22:59:11 INFO  Utils:112 - [Utils] MethodGroupsHelper.sortMethods() took 0 ms.
2025-05-06 22:59:11 INFO  Utils:112 - [Utils] MethodGroupsHelper.collectMethodsByGroup() took 0 ms.
2025-05-06 22:59:11 INFO  Utils:112 - [Utils] MethodGroupsHelper.sortMethods() took 0 ms.
2025-05-06 22:59:11 INFO  Utils:112 - [Utils] MethodGroupsHelper.collectMethodsByGroup() took 0 ms.
2025-05-06 22:59:11 INFO  Utils:112 - [Utils] MethodGroupsHelper.sortMethods() took 0 ms.
2025-05-06 22:59:11 INFO  Utils:112 - [Utils] MethodGroupsHelper.collectMethodsByGroup() took 0 ms.
2025-05-06 22:59:11 INFO  Utils:112 - [Utils] MethodGroupsHelper.sortMethods() took 1 ms.
2025-05-06 22:59:11 INFO  Utils:112 - [Utils] MethodGroupsHelper.collectMethodsByGroup() took 0 ms.
2025-05-06 22:59:11 INFO  Utils:112 - [Utils] MethodGroupsHelper.sortMethods() took 0 ms.
2025-05-06 22:59:11 INFO  Utils:112 - [Utils] MethodGroupsHelper.collectMethodsByGroup() took 0 ms.
2025-05-06 22:59:11 INFO  Utils:112 - [Utils] MethodGroupsHelper.sortMethods() took 0 ms.
2025-05-06 22:59:11 INFO  Utils:112 - [TestNG] Running:
  C:\Users\Jim\AppData\Local\Temp\testng-eclipse--232738281\testng-customsuite.xml

2025-05-06 22:59:11 INFO  Utils:112 - [Utils] DynamicGraphHelper.createDynamicGraph() took 4 ms.
2025-05-06 22:59:40 INFO  Utils:112 - [TestNG] Time taken by org.testng.reporters.SuiteHTMLReporter@7c891ba7: 37 ms
2025-05-06 22:59:40 INFO  Utils:112 - [TestNG] Time taken by org.testng.reporters.jq.Main@4aedaf61: 71 ms
2025-05-06 22:59:40 INFO  Utils:112 - [TestNG] Time taken by org.testng.reporters.FailedReporter@173797f0: 0 ms
2025-05-06 22:59:40 INFO  Utils:112 - [TestNG] Time taken by org.testng.reporters.XMLReporter@46731692: 4 ms
2025-05-06 22:59:40 INFO  Utils:112 - [TestNG] Time taken by org.testng.reporters.EmailableReporter2@21e20ad5: 6 ms
2025-05-06 22:59:40 INFO  Utils:112 - [TestNG] Time taken by org.testng.reporters.JUnitReportReporter@75fc1992: 7 ms
2025-05-06 22:59:40 INFO  Utils:112 - [TestNG] Time taken by org.testng.internal.ExitCodeListener@5fac521d: 0 ms
2025-05-06 23:01:20 INFO  Utils:112 - [Utils] MethodGroupsHelper.collectMethodsByGroup() took 1 ms.
2025-05-06 23:01:20 INFO  Utils:112 - [Utils] MethodGroupsHelper.sortMethods() took 1 ms.
2025-05-06 23:01:20 INFO  Utils:112 - [Utils] MethodGroupsHelper.collectMethodsByGroup() took 0 ms.
2025-05-06 23:01:20 INFO  Utils:112 - [Utils] MethodGroupsHelper.sortMethods() took 0 ms.
2025-05-06 23:01:20 INFO  Utils:112 - [Utils] MethodGroupsHelper.collectMethodsByGroup() took 0 ms.
2025-05-06 23:01:20 INFO  Utils:112 - [Utils] MethodGroupsHelper.sortMethods() took 0 ms.
2025-05-06 23:01:20 INFO  Utils:112 - [Utils] MethodGroupsHelper.collectMethodsByGroup() took 0 ms.
2025-05-06 23:01:20 INFO  Utils:112 - [Utils] MethodGroupsHelper.sortMethods() took 0 ms.
2025-05-06 23:01:20 INFO  Utils:112 - [Utils] MethodGroupsHelper.collectMethodsByGroup() took 4 ms.
2025-05-06 23:01:20 INFO  Utils:112 - [Utils] MethodGroupsHelper.sortMethods() took 10 ms.
2025-05-06 23:01:20 INFO  Utils:112 - [Utils] MethodGroupsHelper.collectMethodsByGroup() took 0 ms.
2025-05-06 23:01:20 INFO  Utils:112 - [Utils] MethodGroupsHelper.sortMethods() took 0 ms.
2025-05-06 23:01:20 INFO  Utils:112 - [Utils] MethodGroupsHelper.collectMethodsByGroup() took 0 ms.
2025-05-06 23:01:20 INFO  Utils:112 - [Utils] MethodGroupsHelper.sortMethods() took 0 ms.
2025-05-06 23:01:20 INFO  Utils:112 - [Utils] MethodGroupsHelper.collectMethodsByGroup() took 0 ms.
2025-05-06 23:01:20 INFO  Utils:112 - [Utils] MethodGroupsHelper.sortMethods() took 0 ms.
2025-05-06 23:01:20 INFO  Utils:112 - [Utils] MethodGroupsHelper.collectMethodsByGroup() took 0 ms.
2025-05-06 23:01:20 INFO  Utils:112 - [Utils] MethodGroupsHelper.sortMethods() took 0 ms.
2025-05-06 23:01:20 INFO  Utils:112 - [Utils] MethodGroupsHelper.collectMethodsByGroup() took 0 ms.
2025-05-06 23:01:20 INFO  Utils:112 - [Utils] MethodGroupsHelper.sortMethods() took 0 ms.
2025-05-06 23:01:20 INFO  Utils:112 - [Utils] MethodGroupsHelper.collectMethodsByGroup() took 0 ms.
2025-05-06 23:01:20 INFO  Utils:112 - [Utils] MethodGroupsHelper.sortMethods() took 0 ms.
2025-05-06 23:01:20 INFO  Utils:112 - [Utils] MethodGroupsHelper.collectMethodsByGroup() took 0 ms.
2025-05-06 23:01:20 INFO  Utils:112 - [Utils] MethodGroupsHelper.sortMethods() took 0 ms.
2025-05-06 23:01:20 INFO  Utils:112 - [Utils] MethodGroupsHelper.collectMethodsByGroup() took 1 ms.
2025-05-06 23:01:20 INFO  Utils:112 - [Utils] MethodGroupsHelper.sortMethods() took 1 ms.
2025-05-06 23:01:20 INFO  Utils:112 - [Utils] MethodGroupsHelper.collectMethodsByGroup() took 0 ms.
2025-05-06 23:01:20 INFO  Utils:112 - [Utils] MethodGroupsHelper.sortMethods() took 0 ms.
2025-05-06 23:01:20 INFO  Utils:112 - [Utils] MethodGroupsHelper.collectMethodsByGroup() took 0 ms.
2025-05-06 23:01:20 INFO  Utils:112 - [Utils] MethodGroupsHelper.sortMethods() took 0 ms.
2025-05-06 23:01:20 INFO  Utils:112 - [TestNG] Running:
  C:\Users\Jim\AppData\Local\Temp\testng-eclipse--2032392777\testng-customsuite.xml

2025-05-06 23:01:20 INFO  Utils:112 - [Utils] DynamicGraphHelper.createDynamicGraph() took 12 ms.
2025-05-06 23:01:42 INFO  Utils:112 - [TestNG] Time taken by org.testng.reporters.SuiteHTMLReporter@5b275174: 43 ms
2025-05-06 23:01:42 INFO  Utils:112 - [TestNG] Time taken by org.testng.reporters.jq.Main@10fbbdb: 70 ms
2025-05-06 23:01:42 INFO  Utils:112 - [TestNG] Time taken by org.testng.reporters.FailedReporter@4f3e7344: 12 ms
2025-05-06 23:01:43 INFO  Utils:112 - [TestNG] Time taken by org.testng.reporters.XMLReporter@149c3204: 17 ms
2025-05-06 23:01:43 INFO  Utils:112 - [TestNG] Time taken by org.testng.reporters.EmailableReporter2@7be7e15: 10 ms
2025-05-06 23:01:43 INFO  Utils:112 - [TestNG] Time taken by org.testng.reporters.JUnitReportReporter@24b4d544: 9 ms
2025-05-06 23:01:43 INFO  Utils:112 - [TestNG] Time taken by org.testng.internal.ExitCodeListener@27a2a089: 0 ms
